Date	thermD	delT	U	AirP	Hum	AirT	SWR	CC	Prec	Ice_d	days from iceoff date	MLD	W	SRP	TotP	NH4	NO3	Si	Chl
2004-04-05	-0.27	-0.0031380653	3.7684875000000004	1009.6472916666667	69.83347222222223	7.908888888888889	233.5157986111111	0.6770833333333334	0.012499999999999999	56.0	34.0	-5.25	0.0023577640456015165	3.0	76.0	0.01	0.0	2.1	27.0
2004-04-12	-0.27	0.012375315	1.9404375	1022.6561458333334	73.05486111111111	6.609027777777778	253.11819444444447	0.7708333333333334	0.0	56.0	41.0	-5.25	0.026869550657576815	6.0	73.0	0.01	0.0	1.7	16.299999237060547
2004-04-19	-0.27	0.059713125	3.3447	996.0637499999999	77.19850694444445	10.813125	271.84746527777776	0.78125	0.016666666666666666	56.0	48.0	-5.25	0.007600292314282161	8.0	65.0	0.01	0.0	1.6	11.0
2004-04-26	-0.27	0.00493296	2.70555	1022.2420138888889	78.61486111111111	10.470555555555556	289.4247569444445	0.9874999999999999	0.0375	56.0	55.0	-5.25	0.0026193978245009786	13.0	59.0	0.01	0.0	1.8	10.899999618530273
2004-05-03	-0.27	0.059225637	3.7350708333333333	1003.5254513888889	64.71309027777778	14.429583333333333	311.4285185185185	0.80625	0.020833333333333332	56.0	62.0	-5.25	0.0005057281560543315	21.0	56.0	0.07	0.02	2.2	6.300000190734863
2004-05-10	-0.27	-0.0009731849	3.708923863636364	1005.7196243686868	78.58976641414141	13.811066919191918	320.2249273989899	0.8020833333333334	0.06666666666666667	56.0	69.0	-5.25	0.00010719753888077755	38.0	72.0	0.15	0.04	2.3	2.799999952316284
2004-05-17	-0.27	0.023214579	1.9820625000000003	1022.85875	61.9046875	14.578854166666666	332.7028125	0.875	0.0	56.0	76.0	-5.25	0.006122791092306258	47.0	80.0	0.21	0.06	2.5	2.5
2004-05-24	-0.27	-0.0016767979	4.7817375	1019.4079513888888	66.71190972222222	9.430694444444445	343.2527777777778	0.6354166666666666	0.008333333333333333	56.0	83.0	-5.25	0.001719461873946194	46.0	94.0	0.22	0.1	2.8	4.900000095367432
2004-05-31	-4.7148	0.13369155	4.122262500000001	1017.9094097222222	35.49458333333333	17.885347222222222	351.5642361111111	0.7458333333333332	0.004166666666666667	56.0	90.0	-3.5792046486186937	0.2508959595971395	19.0	70.0	0.09	0.09	2.2	18.100000381469727
2004-06-07	-4.9313	0.35663614	1.7301375000000003	1019.4433333333333	60.82874999999999	17.737395833333334	357.49763888888884	0.44375000000000003	0.0	56.0	97.0	-4.677968552945221	1.4942197038023153	6.0	52.0	0.06	0.03	1.3	17.600000381469727
2004-06-14	-0.27	-0.0012639364	5.196525	1024.1785069444445	62.29517361111112	16.00451388888889	360.9549652777778	0.5583333333333333	0.0	56.0	104.0	-5.25	0.0013721759745726017	11.0	66.0	0.09	0.04	0.6	18.5
2004-06-21	-0.27	0.02825602	3.2002875	1010.2869097222223	57.05291666666667	15.65392361111111	361.88229166666673	0.5395833333333333	0.0	56.0	111.0	-5.25	0.06800321379302027	34.0	94.0	0.07	0.06	0.8	21.600000381469727
2004-06-28	-0.27	-0.0028657913	5.3425875000000005	1017.8274652777777	60.518680555555555	16.678333333333335	360.2712152777778	0.4916666666666667	0.05416666666666667	56.0	118.0	-5.25	0.1446996027003908	43.0	108.0	0.03	0.0	0.3	29.399999618530273
2004-07-05	-0.27	0.095239796	2.1156	1014.7170138888888	70.0826736111111	16.055243055555554	356.1675694444445	0.63125	0.05000000000000001	56.0	125.0	-5.25	0.059974745523351296	61.0	138.0	0.01	0.0	0.4	24.399999618530273
2004-07-12	-0.27	-0.001122872	5.7825	1004.5824305555556	82.10961805555556	14.122569444444444	349.66336805555557	0.9395833333333333	0.31666666666666665	56.0	132.0	-5.25	0.00022913946202077746	80.0	172.0	0.01	0.0	0.7	27.899999618530273
2004-07-19	-4.996	0.19552279	3.35265	1016.5670138888889	69.47434027777778	19.80888888888889	340.8957291666666	0.7270833333333333	0.05416666666666667	56.0	139.0	-3.9908366468742	0.3380333741449308	84.0	133.0	0.01	0.0		11.199999809265137
2004-07-26	-0.27	0.021630367	2.3724375	1013.1297916666667	77.64409722222221	15.346111111111112	330.0292708333333	0.8270833333333334	0.16666666666666666	56.0	146.0	-5.25	0.07040547200345576	88.0	142.0	0.03	0.0	2.0	14.899999618530273
2004-08-02	-2.8091	0.36612177	1.6830749999999999	1014.441875	60.22371527777778	20.093333333333334	317.2403125	0.3520833333333333	0.0	56.0	153.0	-2.667144900578963	1.0797693614412014	90.0	138.0	0.04	0.0	2.7	10.100000381469727
2004-08-09	-0.27	0.0006264846	3.0513477272727276	1015.9041414141415	47.66707386363637	23.076657196969695	302.60672032828285	0.06666666666666667	0.0	56.0	160.0	-5.25	0.0017644989783524238	138.0	196.0	0.08	0.02	3.9	8.300000190734863
2004-08-16	-0.27	0.0008088748	3.4859625	1010.1996527777778	59.507604166666674	21.463125	286.72510416666665	0.6437499999999999	0.0	56.0	167.0	-5.25	0.003043057316470525	200.0	267.0	0.05	0.04	4.4	9.5
2004-08-23	-0.27	-0.0021950405	2.3445750000000003	1020.8502083333333	54.35621527777778	16.327604166666667	269.44697916666667	0.525	0.0	56.0	174.0	-5.25	0.008651234999858816	206.0	285.0	0.13	0.07	4.6	34.29999923706055
2004-08-30	-0.27	-0.0023876827	4.2445125	1009.5807986111112	79.81239583333333	16.121354166666666	251.1380902777778	0.6791666666666667	0.20416666666666664	56.0	181.0	-5.25	0.2892809896197078	141.0	241.0	0.03	0.05	2.6	46.0
2004-09-06	-2.2061	0.26321387	1.2701625	1027.3064583333332	61.03767361111111	19.112395833333334	232.05736111111108	0.10416666666666667	0.0	56.0	188.0	-1.5751608313637286	0.486583583832285	71.0	120.0	0.01	0.0	0.2	7.800000190734863
2004-09-13	-0.27	-0.00070301694	5.37015	1012.0135069444444	56.49156250000001	15.651215277777778	212.47875	0.5875	0.0	56.0	195.0	-5.25	0.0008955806962488976	114.0	202.0	0.03	0.0	1.2	32.5
2004-09-20	-0.27	-0.0011377335	4.580362500000001	1012.1329861111111	64.86638888888889	14.560694444444444	192.71034722222223	0.725	0.0	56.0	202.0	-5.245517135376002	0.2041464380348895	118.0	202.0	0.01	0.0	1.3	31.600000381469727
2004-09-27	-0.27	-0.00088334084	3.877083333333333	1016.0682291666667	86.12503472222222	12.215277777777779	140.8716550925926	0.75625	0.012499999999999999	56.0	209.0	-5.25	0.0002594045025113904	141.0	218.0	0.01	0.0	1.9	29.0
2004-10-04	-0.27	0.0033643644	3.665854318181818	1017.9369400252525	68.56755913299664	13.404057659932661	153.92007154882154	0.7583333333333333	0.0	56.0	216.0	-5.25	0.0035436596252120672	154.0	225.0	0.01	0.0	2.6	27.899999618530273
2004-10-11	-0.27	-0.0038089752	4.551900000000001	1027.9985416666666	62.784861111111105	6.344409722222223	135.3426736111111	0.08541666666666665	0.0	56.0	223.0	-5.25	0.0022777242610532	164.0	226.0	0.03	0.0	5.7	23.799999237060547
2004-10-18	-0.27	-0.00037940344	8.027700000000001	1001.1306597222223	75.49010416666665	9.174097222222223	117.92631944444445	0.9	0.1416666666666667	56.0	230.0	-5.25	7.30052783932587e-05	146.0	198.0	0.03	0.02	4.3	14.800000190734863
2004-10-25	-0.27	0.0010074774	3.401458928571429	1008.3782936507937	71.96381448412698	13.669151785714286	102.320376984127	0.6458333333333334	0.004166666666666667	56.0	237.0	-5.25	0.003822438572410379	127.0	170.0	0.03	0.04	4.8	8.699999809265137
2004-11-08	-0.27	-0.0028158426	1.9181625	1020.2704513888889	84.84291666666667	3.0531597222222224	74.70368055555556	0.8562500000000001	0.0	56.0	251.0	-5.25	0.010563869895559887	113.0	146.0	0.1	0.12	5.3	2.5999999046325684
2004-11-22	-0.27	-9.8486744e-05	6.3500000000000005	1010.0583333333334	93.5	4.7375	9.25925925925926	0.94375	0.3125	56.0	265.0	-5.25	0.00010129937849434941	89.0	114.0	0.11	0.21	5.7	1.399999976158142
2004-12-06	-0.27	-4.6888986e-06	5.5874999999999995	1025.3	86.83333333333333	6.5874999999999995	14.467592592592593	0.9500000000000001	0.0	56.0	279.0	-5.25	5.805886172829742e-05	76.0	104.0	0.12	0.3	6.2	1.5
2004-12-20	-0.27	8.742015e-06	4.204166666666667	1018.8000000000001	88.54166666666667	-2.5541666666666667	41.2037037037037	0.27708333333333335	0.0	56.0	293.0	-5.25	6.718098642433497e-05	66.0	87.0	0.13	0.41		1.5
2005-01-03	-0.27	1.3550122e-05	8.608333333333333	1018.9833333333332	90.70833333333333	3.9499999999999997	14.236111111111112	0.8937499999999999	0.525	8.0	-71.0	-5.25	0.0001571680574771106	59.0	82.0	0.15	0.52	6.8	2.200000047683716
2005-01-17	-0.27	1.947085e-05	3.5708333333333333	1019.5291666666667	82.95833333333333	0.7541666666666668	37.38425925925926	0.48541666666666666	0.0	8.0	-57.0	-5.25	0.00018618368277453713	50.0	70.0	0.12	0.63	6.8	2.299999952316284
2005-01-31	-0.27	2.125899e-05	7.4375	1013.1416666666668	92.20833333333333	3.4791666666666665	119.6427658039642	0.8333333333333334	0.09166666666666667	8.0	-43.0	-5.25	0.00011193571619515718	37.0	66.0	0.11	1.24	6.6	4.099999904632568
2005-02-14	-0.27	3.4213066e-05	7.129166666666666	994.5749999999999	90.54166666666667	-0.5958333333333333	27.314814814814813	0.9395833333333333	0.04583333333333334	8.0	-29.0	-5.25	0.00013702214167471188	34.0	59.0	0.05	0.79	6.3	13.300000190734863
2005-02-28	-0.27	7.224083e-05	4.833333333333333	1018.8291666666668	77.25	-6.429166666666667	117.24537037037038	0.5479166666666667	0.008333333333333333	8.0	-15.0	-5.25	0.0003428610020027985	5.0	61.0	0.01	0.65		46.400001525878906
2005-03-14	-0.27	0.00030696392	4.904166666666667	1013.3208333333333	78.20833333333333	2.5125	118.98148148148148	0.65	0.0	8.0	-1.0	-5.25	0.00022039761020240293	2.0	44.0	0.01	0.54	5.4	40.099998474121094
2005-03-21	-0.27	0.00059668225	2.8958333333333335	1024.0416666666667	57.083333333333336	1.0208333333333333	202.3148148148148	0.12708333333333333	0.0	8.0	6.0	-5.25	0.0007591217397692149	4.0	60.0	0.01	0.64	5.1	24.700000762939453
2005-03-28	-0.27	0.001115799	4.241666666666666	1015.5458333333332	67.25	6.958333333333333	200.3472222222222	0.32708333333333334	0.0	8.0	13.0	-5.25	0.0022006508348841208	5.0	60.0	0.01	0.64	5.0	15.399999618530273
2005-04-04	-0.27	0.0021861393	2.9125	1023.9333333333334	42.458333333333336	11.4375	221.5277777777778	0.4916666666666667	0.0	8.0	20.0	-5.25	0.0051627097689953974	3.0	64.0	0.01	0.56	4.8	29.100000381469727
2005-04-11	-0.27	0.0077813067	2.7937499999999997	1026.1436805555556	68.90232638888888	8.519166666666667	249.67239583333333	0.4791666666666667	0.0	8.0	27.0	-5.25	0.0036093067154751683	3.0	68.0	0.01	0.43	4.3	42.0
2005-04-18	-0.27	-0.0026657183	2.9998500000000003	1001.0031597222222	68.749375	11.649166666666666	268.5784722222222	0.39375	0.0	8.0	34.0	-5.25	0.0014620839782348053	4.0	74.0	0.01	0.21	3.2	64.30000305175781
2005-04-25	-0.27	-0.0006387234	5.845162500000001	1011.5387847222222	40.436597222222225	10.42201388888889	286.38461805555556	0.8062499999999999	0.0	8.0	41.0	-5.25	0.00044955890683815515	3.0	90.0	0.01		2.2	50.400001525878906
2005-05-02	-2.1986	0.8796235	3.4297875	1011.8689583333334	50.33920138888889	20.9975	302.81399305555556	0.6812499999999999	0.0	8.0	48.0	-1.408766677937691	0.19239931385811948	4.0	54.0	0.01	0.01	1.2	16.200000762939453
2005-05-09	-0.27	-0.0017276605	4.459650000000001	1008.472326388889	72.17430555555556	8.463090277777779	317.62368055555555	0.6020833333333333	0.05416666666666667	8.0	55.0	-5.25	0.0026844645312935193	29.0	54.0	0.14	0.01	1.7	2.4000000953674316
2005-05-16	-0.27	-4.216035e-05	4.327050000000001	1011.6839930555556	62.062291666666674	11.522777777777778	330.5942361111111	0.6687500000000001	0.09166666666666667	8.0	62.0	-5.25	0.00026550747096314316	38.0	68.0	0.19	0.07	2.0	2.5999999046325684
2005-05-23	-2.2304	0.5941714	1.4244	1014.3864930555555	85.26520833333333	15.574097222222221	341.5286111111111	0.8895833333333334	0.18333333333333335	8.0	69.0	-1.9900258481050672	0.8331770547995268	30.0	67.0	0.11	0.07	1.8	8.300000190734863
2005-05-30	-3.7727	1.1985663	3.8554125000000004	1014.6380555555556	79.50756944444446	15.40611111111111	350.2522222222222	0.86875	0.08750000000000001	8.0	76.0	-2.7224650758289646	0.8757504982598862	6.0	78.0	0.01	0.01	0.5	19.600000381469727
2005-06-06	-0.27	-0.0024541218	4.7737125	1015.8686805555554	57.38274305555555	11.838090277777779	356.6198611111111	0.85	0.0	8.0	83.0	-5.25	0.0	29.0	85.0	0.16	0.05	1.0	17.700000762939453
2005-06-13	-0.27	-0.0012935003	3.7551	1007.4790625	61.60920138888889	13.404583333333333	360.52194444444444	0.3541666666666667	0.0	8.0	90.0	-5.25	0.0016456811421544848	27.0	101.0	0.01	0.03	0.1	46.79999923706055
2005-06-20	-2.4104	0.23127453	1.7755125000000003	1019.5708333333333	50.838368055555556	19.08690972222222	361.90378472222227	0.23750000000000002	0.0	8.0	97.0	-5.25	0.2091252860893859	16.0	59.0	0.01	0.02	0.2	16.0
2005-06-27	-3.8173	0.5834815	2.57715	1019.8084722222221	49.705104166666665	18.666145833333335	360.74114583333335	0.20625000000000002	0.0	8.0	104.0	-2.7323702677500905	1.4280474693481173	15.0	51.0	0.01	0.01	0.3	9.300000190734863
2005-07-04	-0.27	0.08689133	4.413375	1011.6772916666667	48.146388888888886	22.27451388888889	357.0778125	0.39375	0.0	8.0	111.0	-3.056949607746533	0.634450037461608	29.0	72.0	0.01	0.01	1.5	10.0
2005-07-11	-0.27	0.014220476	3.264017045454546	1024.4086963383838	49.423503787878786	21.56047032828283	350.9460827020202	0.29583333333333334	0.0	8.0	118.0	-5.25	0.174576346589921	40.0	112.0	0.01	0.01	2.3	25.200000762939453
2005-07-18	-0.27	0.076290525	2.1677625	1010.1608333333334	56.344166666666666	20.754722222222224	342.6246527777778	0.7145833333333332	0.0	8.0	125.0	-5.25	0.0014472532515598891	45.0	104.0	0.04	0.01	2.7	19.899999618530273
2005-07-25	-0.27	0.0021278064	3.5701125000000005	1004.8071527777778	72.11177083333332	19.481284722222224	332.1153472222222	0.71875	0.43750000000000006	8.0	132.0	-5.25	0.00041131008452606997	83.0	171.0	0.14	0.05	3.9	22.299999237060547
2005-08-01	-0.27	0.004709959	4.4422875	1016.2021180555556	58.20381944444444	17.307118055555556	319.6561805555555	0.39999999999999997	0.0	8.0	139.0	-5.25	0.004986989871319057	73.0	140.0	0.07	0.01	3.7	20.600000381469727
2005-08-08	-0.27	-0.0023880005	2.837025	1011.941736111111	64.0285763888889	14.893263888888889	305.44041666666664	0.27708333333333335	0.0	8.0	146.0	-5.25	0.004477183016077696	94.0	174.0	0.1	0.04	4.5	29.299999237060547
2005-08-15	-4.0957	0.14951968	1.6207125	1016.3775	69.84159722222222	17.419340277777778	289.6854861111111	0.81875	0.004166666666666667	8.0	153.0	-5.25	0.11049967308829316	107.0	166.0	0.13	0.08	5.1	23.799999237060547
2005-08-22	-5.455	0.26214233	2.7962829545454544	1012.0562184343435	49.97017045454546	20.407774621212123	272.7335542929293	0.4791666666666667	0.0	8.0	160.0	-3.0517652143974274	0.4232722526094113	75.0	146.0	0.07	0.01	5.3	12.699999809265137
2005-08-29	-3.0137	0.15471601	1.7689500000000002	1023.8830902777778	63.28340277777778	19.514548611111113	254.47288194444442	0.07083333333333333	0.0	8.0	167.0	-3.4262822583090995	0.3746813079020728	121.0	182.0	0.16	0.05	6.1	28.0
2005-09-05	-0.27	0.05075097	1.9246875	1021.0403124999999	63.29604166666667	18.145902777777778	235.50621527777778	0.06458333333333334	0.0	8.0	174.0	-3.1623917736645955	0.6286337723552575	80.0	166.0	0.05	0.01	5.0	45.400001525878906
2005-09-12	-3.1799	0.44308653	1.9868625000000002	1012.7971180555555	84.4271875	17.277118055555555	216.00090277777778	0.8166666666666668	0.0625	8.0	181.0	-2.22939834033349	1.0344776549466703	42.0	110.0	0.03	0.01	2.8	21.600000381469727
2005-09-19	-0.27	0.027520498	1.2349125	1027.5523958333333	68.56520833333333	12.557430555555555	196.24187500000002	0.20625000000000002	0.0	8.0	188.0	-5.25	0.34635964786514967	85.0	176.0	0.05	0.01	2.8	45.900001525878906
2005-09-26	-0.27	0.005661567	2.3569125000000004	1018.2871875	79.506875	15.37670138888889	176.5357986111111	0.5416666666666666	0.03333333333333333	8.0	195.0	-5.25	0.18411493126272485	52.0	124.0	0.04	0.01	1.3	21.299999237060547
2005-10-03	-0.27	0.012556155	2.1119333333333334	1026.6966666666667	90.54208333333334	12.789583333333333	69.23310185185186	0.8708333333333332	0.0	8.0	202.0	-3.6269018393062544	0.3649163125111435	76.0	176.0	0.04	0.01	1.4	31.200000762939453
2005-10-10	-0.27	-0.0020608902	2.11005	1026.5924652777778	78.23732638888889	12.648993055555556	138.57236111111112	0.40625	0.0	8.0	209.0	-5.25	0.04531473964597373	87.0	158.0	0.01	0.01	1.0	33.5
2005-10-17	-0.27	-0.0022499163	1.99545	1030.7083333333333	76.44149305555555	10.139236111111112	120.94493055555556	0.8020833333333334	0.0	8.0	216.0	-5.25	0.0037608697940757344	83.0	149.0	0.01	0.01	0.6	33.29999923706055
2005-10-24	-0.27	-0.00010379156	2.3666666666666667	1017.0041666666666	98.83333333333333	9.154166666666667	23.37962962962963	0.8791666666666668	0.15	8.0	223.0	-5.25	0.00029045991028892623	94.0	158.0	0.03	0.01	0.5	28.0
2005-11-07	-0.27	-0.00044484934	2.8958333333333335	1024.2333333333333	89.33333333333333	6.425	70.48611111111111	0.5270833333333333	0.0	8.0	237.0	-5.25	0.0002736622720738046	107.0	162.0	0.05	0.04	0.8	26.5
2005-11-21	-0.27	-0.0004938841	3.6791666666666667	1028.5125	92.75	1.7750000000000001	35.76388888888889	0.49374999999999997	0.0	8.0	251.0	-5.25	0.0002582595214944336	110.0	164.0	0.1	0.08	1.5	21.100000381469727
2005-12-05	-0.27	-0.00047953925	3.358333333333333	999.1833333333334	94.41666666666667	4.245833333333334	22.453703703703706	0.7541666666666668	0.029166666666666664	8.0	265.0	-5.25	0.00012205091792251038	104.0	139.0	0.06	0.18	2.6	10.899999618530273
2005-12-19	-0.27	-0.00045088926	3.8708333333333336	1016.7541666666666	96.70833333333333	0.5833333333333334	15.046296296296298	0.9500000000000001	0.1875	8.0	279.0	-5.25	0.00011552956340599385	85.0	118.0	0.04	0.26	3.7	17.600000381469727
2006-01-02	-0.27	-0.00041234493	1.1333333333333333	1019.0083333333333	99.08333333333333	-1.6583333333333332	21.990740740740744	0.8708333333333332	0.0	83.0	-82.0	-5.25	0.00021901777805633817	59.0	102.0	0.01	0.3	3.7	29.899999618530273
2006-01-16	-0.27	-0.0003944238	2.4833333333333334	1023.1916666666666	84.08333333333333	-6.2250000000000005	51.27314814814815	0.08541666666666668	0.0	83.0	-68.0	-5.25	0.00020787814335760266	18.0	89.0	0.03	0.16	2.7	59.70000076293945
2006-01-30	-0.27	-0.0003936688	2.525	1029.4916666666666	90.83333333333333	-4.158333333333333	35.06944444444445	0.7541666666666668	0.0	83.0	-54.0	-5.25	9.877638786473475e-05	2.0	50.0	0.03	0.02		52.099998474121094
2006-02-13	-0.27	-0.00040650368	2.3958333333333335	1024.0916666666667	92.625	-0.4458333333333333	42.592592592592595	0.8312499999999999	0.0	83.0	-40.0	-5.25	0.00018796454374191	24.0	75.0	0.2	0.64	5.2	23.399999618530273
2006-02-27	-0.27	-0.00044234595	2.966666666666667	1014.5500000000001	75.83333333333333	-3.608333333333333	129.97685185185188	0.42083333333333334	0.0	83.0	-26.0	-5.25	8.952260527034798e-05	19.0	78.0	0.19	0.82	5.0	32.900001525878906
2006-03-13	-0.27	-0.00047508875	3.15	1035.1041666666667	77.58333333333333	-4.2124999999999995	113.8888888888889	0.4458333333333333	0.0	83.0	-12.0	-5.25	0.00017073422864931869	12.0	75.0	0.14	0.37	4.9	42.20000076293945
2006-03-27	-0.27	-0.0005170107	3.375	1005.4041666666667	89.04166666666667	12.104166666666666	90.74074074074075	0.7166666666666667	0.14583333333333334	83.0	2.0	-5.25	8.148886028643972e-05	5.0	63.0	0.06	0.74	4.4	31.399999618530273
2006-04-03	-0.27	-0.0005350113	6.295833333333333	1011.5124999999999	85.95833333333333	7.375	89.12037037037037	0.6979166666666666	0.05416666666666667	83.0	9.0	-5.25	0.00023893835781493955	2.0	65.0	0.16	0.53	4.6	25.5
2006-04-10	-0.27	-0.00055166084	1.9208333333333334	1014.5708333333333	68.16666666666667	5.129166666666666	128.47222222222223	0.84375	0.0	83.0	16.0	-5.25	7.786387369669536e-05	5.0	51.0	0.03	0.63	4.0	43.5
2006-04-17	-0.27	-0.00069129467	4.0249999999999995	1010.0708333333333	87.95833333333333	9.208333333333334	90.625	0.5833333333333334	0.041666666666666664	83.0	23.0	-5.25	0.00021924788144759896	6.0	74.0	0.03	0.61	3.0	54.70000076293945
2006-04-24	-2.3275	0.14559658	1.801219696969697	1019.929668560606	78.65917613636363	10.257111742424243	277.0101830808081	0.6604166666666667	0.0	83.0	30.0	-5.25	0.007050505973023418	4.0	75.0	0.04	0.35	0.7	70.9000015258789
2006-05-01	-0.27	0.026694616	3.1133625000000005	1013.0165625	63.15625	9.490381944444445	299.82427083333334	0.6791666666666667	0.0	83.0	37.0	-5.25	0.004354697528436658	3.0	62.0	0.04	0.2	0.4	33.5
2006-05-08	-5.455	0.2241795	2.957483928571429	1019.3203373015873	45.02377976190476	16.84464285714286	292.7685978530755	0.2125	0.0	83.0	44.0	-5.163067919686331	0.21182778220983353	3.0	82.0	0.08	0.13	0.7	18.100000381469727
2006-05-15	-5.023	0.25676546	1.35369	1019.8957222222222	53.764319444444446	12.329583333333332	328.5475833333333	0.6875	0.0	83.0	51.0	-4.71750425817567	1.9575106814419647	23.0	61.0	0.17	0.12	1.1	1.7999999523162842
2006-05-22	-0.27	0.0022254784	4.1694	1005.0269444444444	69.07107638888888	16.566597222222224	339.62586805555554	0.6895833333333333	0.17500000000000002	83.0	58.0	-5.25	0.0008269336855044529	47.0	98.0	0.31	0.13	1.8	5.800000190734863
2006-05-29	-0.27	-0.0019871395	4.7935125	1008.3669791666666	69.05548611111111	11.409305555555555	348.77208333333334	0.7958333333333334	0.125	83.0	65.0	-5.25	0.0002784216146177406	45.0	95.0	0.2	0.18	1.8	17.5
2006-06-05	-0.27	0.01654919	3.2815500000000006	1019.729513888889	61.08555555555555	10.990104166666667	355.5819791666667	0.7958333333333334	0.041666666666666664	83.0	72.0	-5.25	0.0007674577396423487	13.0	82.0	0.06	0.08	0.1	47.29999923706055
2006-06-12	-1.1117	1.1270281	1.4453250000000002	1026.8689583333332	46.982326388888886	21.940034722222222	359.9387152777778	0.11875000000000001	0.0	83.0	79.0	-0.7822947721530449	0.6556925243815837	6.0	49.0	0.04	0.01	0.1	12.699999809265137
2006-06-19	-4.3975	1.0301204	3.5088375000000003	1013.1147916666667	65.62086805555556	21.515451388888888	361.77503472222224	0.5020833333333333	0.004166666666666667	83.0	86.0	-4.179229732467262	2.9280815890318106	13.0	63.0	0.04	0.01	0.6	14.0
2006-06-26	-0.27	-0.0006024043	5.612287500000001	1011.9243402777778	57.86496527777778	23.397777777777776	361.0681944444445	0.4291666666666667	0.0	83.0	93.0	-5.25	0.34100176585325664	9.0	74.0	0.03	0.01	1.1	20.5
2006-07-03	-0.27	-0.0026202996	4.066050000000001	1021.9405208333334	40.632534722222225	21.918229166666666	357.83531250000004	0.012500000000000002	0.0	83.0	100.0	-5.25	0.0022757296452901184	6.0	82.0	0.03	0.01	4.0	36.5
2006-07-10	-3.2667	0.84165746	2.7356113636363637	1021.2833333333333	55.47822285353536	23.59214962121212	352.1341887626263	0.29375	0.0	83.0	107.0	-2.4369354432312154	0.9633318386923733	4.0	73.0	0.07	0.02	2.5	45.29999923706055
2006-07-17	-5.455	0.21125937	1.3488375000000001	1025.9910069444445	49.24364583333334	21.92322916666667	344.18513888888884	0.17708333333333334	0.0	83.0	114.0	-5.25	0.09735866844243701	10.0	130.0	0.04	0.01	3.0	72.0999984741211
2006-07-24	-3.8097	0.7200568	2.3854125	1018.5003819444445	57.61055555555556	24.750381944444445	334.0307986111111	0.17708333333333334	0.0	83.0	121.0	-2.6678807583606483	1.589684763050017	8.0	127.0	0.11	0.02	3.3	67.5
2006-07-31	-5.455	0.1258908	3.3815625	1011.3419097222222	62.24270833333333	22.60138888888889	321.886875	0.75625	0.049999999999999996	83.0	128.0	-4.7308647978200415	2.3007584642658823	22.0	130.0	0.09	0.02	3.6	69.5999984741211
2006-08-07	-0.27	-0.002389431	3.6841875	1009.8252777777778	59.39253472222222	20.299305555555556	307.9488888888889	0.7020833333333334	0.0	83.0	135.0	-5.25	0.004475956320557545	238.0	380.0	0.22	0.06	4.2	101.19999694824219
2006-08-14	-0.27	-0.0022765796	4.1377	1005.0331134259259	66.43980324074074	17.359293981481482	292.3580092592593	0.4875	0.0	83.0	142.0	-5.25	0.011221032738948148	298.0	430.0	0.18	0.07	4.5	110.5
2006-08-21	-0.27	-0.0021564167	4.916440476190476	1013.9894494047618	82.29047619047618	16.86609623015873	168.45649966931217	0.725	0.37083333333333335	83.0	149.0	-5.25	0.0014620602734703877	277.0	454.0	0.07	0.03	4.4	121.4000015258789
2006-08-28	-0.27	-0.0024895668	4.9512375	1004.8586805555556	72.50694444444444	15.530625	257.57076388888885	0.8479166666666668	0.0625	83.0	156.0	-5.25	0.0015862520247181956	331.0	446.0	0.26	0.06	5.0	79.0999984741211
2006-09-04	-0.27	-0.0018578371	7.856325000000001	1014.8968749999999	58.13885416666667	18.43111111111111	238.71572916666665	0.5354166666666667	0.3791666666666667	83.0	163.0	-5.25	0.0001685732176677177	394.0	490.0	0.45	0.13	5.6	44.099998474121094
2006-09-11	-0.27	-0.0019412041	2.7010875000000003	1024.9215277777778	61.82649305555555	17.304444444444446	219.27052083333334	0.0625	0.0	83.0	170.0	-5.25	0.021977440604344606	353.0	462.0	0.26	0.2	5.3	64.0
2006-09-18	-0.545	0.13633902	1.793092857142857	1009.5432936507937	71.17154017857142	20.263995535714287	186.98186921296295	0.37083333333333335	0.0	83.0	177.0	-5.25	0.029916208130560337	349.0	476.0	0.1	0.19	5.0	65.80000305175781
2006-09-25	-0.27	0.0065960884	4.9201125	1010.6916319444445	59.713125	19.511909722222224	179.77368055555556	0.0375	0.0	83.0	184.0	-5.25	0.0005209493252820353	438.0	550.0	0.22	0.17	5.7	23.799999237060547
2006-10-02	-0.27	-0.0012280941	6.3287625	1007.8109027777778	73.49826388888889	16.503055555555555	160.34413194444446	0.8333333333333334	0.0	83.0	191.0	-5.25	0.1484940828533811	521.0	632.0	0.49	0.18	7.1	9.600000381469727
2006-10-09	-0.27	0.017760277	1.4792208333333334	1021.7393402777778	76.97031249999999	11.432326388888889	139.72087962962962	0.3416666666666666	0.0	83.0	198.0	-5.25	0.001968558408742078	443.0	534.0	0.54	0.23	7.7	11.0
2006-10-16	-0.27	-0.0028610628	1.184925	1028.4209027777777	88.32656250000001	9.971284722222222	123.72531249999999	0.4375	0.0	83.0	205.0	-5.25	0.12644048705609265	401.0	479.0	0.54	0.26	8.3	10.300000190734863
2006-10-23	-0.27	0.00030386448	4.773862500000001	999.9090277777777	79.30413194444445	14.65472222222222	107.15062499999999	0.8270833333333334	0.0	83.0	212.0	-5.25	0.0007460740400946028	359.0	418.0	0.48	0.27	8.7	16.600000381469727
2006-10-30	-0.27	-0.0018081268	3.1391625	1020.9058333333334	76.73697916666667	8.024166666666668	92.08590277777778	0.8395833333333332	0.0	83.0	219.0	-5.25	0.004668017117555956	274.0	325.0	0.29	0.35	8.5	11.35672664642334
2006-11-06	-0.27	-0.00041675568	6.721540909090909	1019.054494949495	72.25370580808081	11.538892045454546	78.86475694444444	0.8208333333333333	0.0	83.0	226.0	-5.25	4.32205921798617e-05	205.0	264.0	0.17	0.36	8.2	11.895079612731934
2006-11-20	-0.27	-0.0011773506	4.7427	1015.8525	75.38138888888889	6.380937500000001	57.809583333333336	0.8395833333333332	0.0	83.0	240.0	-5.25	0.0001932613046535759	126.0	168.0	0.08	0.38	7.6	7.795118808746338
2006-12-04	-0.27	0.0004709959	5.95989375	1002.7608854166666	82.72435763888889	7.8775	32.3316087962963	0.7208333333333333	0.10833333333333332	83.0	254.0	-5.25	0.0	98.0	128.0	0.05	0.33	7.9	7.820909023284912
2006-12-18	-0.27	7.591645e-05	3.891666666666667	1026.825	89.125	3.470833333333333	20.37037037037037	0.8708333333333332	0.0	83.0	268.0	-5.25	8.543231720800377e-05	75.0	102.0	0.06	0.37	7.7	
2007-01-01	-0.27	-7.845958e-05	8.516666666666667	1007.6416666666668	81.16666666666667	7.854166666666667	23.26388888888889	0.8333333333333334	0.15			-5.25	8.297019341708113e-05	67.0	90.0	0.05	0.41	7.5	5.800000190734863
2007-01-15	-0.27	-0.00011152029	4.9625	1025.9624999999999	85.25	2.9166666666666665	47.800925925925924	0.3770833333333334	0.0			-5.25	8.061632985339884e-05	57.0	97.0	0.07	0.45	7.6	7.699999809265137
2007-01-29	-0.27	-0.00012336175	6.133333333333334	1013.8142857142857	77.04761904761905	4.295238095238095	36.50793650793651	0.7357142857142857	0.0			-5.25	7.836430192244806e-05	47.0	73.0	0.05	0.44	7.8	4.099999904632568
2007-02-12	-0.27	-0.00013705094	2.6833333333333336	996.9875000000001	93.20833333333333	4.591666666666667	61.805555555555564	0.8458333333333333	0.07083333333333335			-5.25	7.620820182284728e-05	43.0	67.0	0.03	0.47	7.4	9.100000381469727
2007-02-26	-0.27	-0.00016093254	5.891666666666667	1000.775	89.91666666666667	5.704166666666667	36.68981481481482	0.7916666666666666	0.08333333333333333			-5.25	7.41425413145368e-05	20.0	71.0	0.01	0.38	7.1	25.600000381469727
2007-03-12	-0.27	-0.00018537045	1.6666666666666667	1029.1541666666667	74.75	9.6625	164.12037037037038	0.08541666666666668	0.0			-5.25	7.216219637513617e-05	3.0	73.0	0.05	0.23	5.4	45.900001525878906
2007-03-19	-0.27	-0.00020480156	5.8875	991.9458333333333	77.66666666666667	2.970833333333333	139.46759259259258	0.27708333333333335	0.0			-5.25	7.120252229015684e-05	3.0	67.0	0.05	0.17	4.3	44.70000076293945
2007-03-26	-0.27	-0.000218908	4.870833333333334	1027.9875	55.833333333333336	9.3375	197.6851851851852	0.12083333333333335	0.0			-5.25	0.00014052482792725057	3.0	82.0	0.04	0.06	2.6	64.4000015258789
2007-04-02	-0.545	0.10561641	1.191075	1027.1311458333332	52.80090277777777	10.199687500000001	222.52052083333334	0.025000000000000005	0.0			-5.25	0.015780380123504634	4.0	67.0	0.04	0.01	0.1	52.79999923706055
2007-04-09	-0.27	0.00049340725	6.3311625000000005	1012.9941666666667	65.45607638888889	10.488402777777777	242.47725694444443	0.875	0.0			-5.25	5.1588741199845134e-05	6.0	74.0	0.04	0.0	0.2	25.5
2007-04-16	-0.545	0.2154562	1.4436375000000001	1022.6	46.57822916666667	15.857534722222221	261.73003472222223	0.2125	0.0			-5.25	0.04619044741091847	9.0	49.0	0.03	0.0	0.2	9.399999618530273
2007-04-23	-0.545	0.23651342	1.8292227272727273	1019.0221433080809	44.14157196969697	13.883791035353534	279.71777146464643	0.5333333333333333	0.0			-5.25	0.0640802964213771	13.0	62.0	0.05	0.0	0.5	4.800000190734863
2007-04-30	-0.27	0.033563018	2.7640431818181823	1019.2069570707071	51.56362373737374	9.28186553030303	296.9043623737374	0.3729166666666666	0.0			-5.25	0.43344678998788816	19.0	56.0	0.05	0.04	0.7	5.5
2007-05-07	-0.27	0.07352813	3.7836375000000007	1007.297673611111	82.37534722222222	13.368680555555557	312.38909722222223	0.9583333333333334	0.7999999999999999			-3.223553169838263	0.3409453636756007	7.0	61.0	0.03	0.0	0.6	7.599999904632568
2007-05-14	-0.27	0.00063073635	3.8404875000000005	1006.6722569444445	64.61715277777778	17.4240625	326.0573958333333	0.7729166666666667	0.3541666666666667			-5.25	0.0016063647905979882	19.0	70.0	0.09	0.03	0.8	8.399999618530273
2007-05-21	-3.0488	0.60751003	2.3045087121212124	1014.3518623737374	55.962348484848484	22.353314393939396	338.7047169612795	0.17500000000000002	0.0			-2.1996045640559974	0.09206162264895557	13.0	94.0	0.07	0.05	1.1	10.800000190734863
2007-05-28	-3.2107	2.0233967	2.093775	995.4611111111111	81.03375	18.862604166666667	347.305625	0.7958333333333334	0.4791666666666667			-2.5373616343718552	2.124636620895478	7.0	40.0	0.06	0.0	0.1	9.0
2007-06-04	-3.3241	0.33061838	1.8535500000000003	1021.9160069444443	84.47902777777777	16.633263888888887	354.53979166666664	0.9874999999999999	0.0			-3.166005886639495	0.6031975755882353	16.0	57.0	0.09	0.01	0.3	19.799999237060547
2007-06-11	-3.304	1.1031153	1.3642125	1012.3441319444445	47.01479166666667	23.60899305555556	359.34093750000005	0.13541666666666666	0.0			-2.685114095635989	3.446081457004322	9.0	43.0	0.07	0.0	0.9	11.0
2007-06-18	-0.27	0.012803237	3.1540568181818185	1008.4940656565656	78.02103535353535	18.424053030303032	361.7230776515151	0.7729166666666667	0.041666666666666664			-5.25	0.0021088851986139382	22.0	67.0	0.08	0.0	1.1	22.0
2007-06-25	-0.27	-0.00082500774	3.3303000000000007	1005.1327777777778	74.29527777777777	20.317916666666665	361.3793055555555	0.7104166666666667	0.27499999999999997			-5.25	0.0012504562940791463	28.0	88.0	0.03	0.0	1.4	31.0
2007-07-02	-3.778	0.38741955	3.111675	1007.0384722222221	81.87715277777778	19.592465277777777	358.59614583333337	0.8270833333333334	0.016666666666666666			-2.106503809016264	0.2547967963885882	27.0	84.0	0.04	0.0	0.5	23.299999237060547
2007-07-09	-3.1036	0.2319661	1.539225	1011.0970138888889	80.19524305555557	15.457361111111112	353.35996527777775	0.9187500000000001	0.2625			-5.25	0.11272597602721408	43.0	111.0	0.05	0.0	0.9	49.70000076293945
2007-07-16	-0.545	0.87942	1.1769	1012.0628819444445	50.06534722222222	28.05774305555556	345.77291666666673	0.07291666666666667	0.0			-0.9989332288874476	0.4066142876304748	23.0	84.0	0.03	0.0	1.0	34.599998474121094
2007-07-23	-0.27	-0.0030121803	2.8050750000000004	1006.9220486111111	61.256076388888886	19.114097222222224	335.99430555555557	0.5645833333333333	0.0			-5.25	0.17200343149791675	8.0	113.0	0.03	0.01	1.6	63.0
2007-07-30	-0.27	-0.0021735032	7.3228125	1009.6936805555556	67.73211805555555	14.493819444444446	324.19350694444444	0.8083333333333332	0.041666666666666664			-5.25	0.001131571495408185	71.0	231.0	0.07	0.01	2.1	100.4000015258789
2007-08-06	-0.27	0.0028787453	4.01205	1014.2474652777778	54.906527777777775	20.384340277777778	310.55913194444446	0.30416666666666664	0.0			-5.224611890585724	0.16170604414125356	47.0	165.0	0.01	0.0	0.5	61.20000076293945
2007-08-13	-5.455	0.23313148	1.2184125000000001	1010.5737152777778	73.09184027777778	19.841597222222223	295.3146527777778	0.3833333333333333	0.0			-5.25	0.471353998669901	81.0	166.0	0.05	0.0	1.2	37.599998474121094
2007-08-20	-0.27	0.06083886	2.9741625000000003	1006.4853472222222	75.19930555555555	20.269930555555558	278.66753472222223	0.6437499999999999	0.0			-5.25	0.009715492883215281	154.0	244.0	0.01	0.0	2.6	48.0
2007-08-27	-0.27	-0.0036785603	4.4635125	1020.1396875	61.332152777777786	15.9584375	260.85489583333333	0.6520833333333333	0.0			-5.25	0.0030613711948978824	249.0	366.0	0.06	0.0	4.1	66.80000305175781
2007-09-03	-0.27	-0.0024888515	3.9919500000000006	1008.4941319444443	83.26333333333334	14.6740625	242.13486111111112	0.7625000000000001	0.5875			-5.25	0.0	223.0	362.0	0.03	0.0	5.2	83.19999694824219
2007-09-10	-0.27	-0.0014451345	5.326200000000001	1007.9376041666666	86.90697916666666	13.149166666666666	222.77427083333336	0.8270833333333334	0.3125			-5.25	0.0009718757045720423	192.0	316.0	0.03	0.0	5.3	73.0
2007-09-17	-0.27	0.0015271902	3.8796	1008.359375	65.81607638888889	18.210208333333334	203.0521527777778	0.5812499999999999	0.008333333333333333			-5.25	0.0005975645195172379	176.0	262.0	0.01	0.0	5.5	50.099998474121094
2007-09-24	-0.27	0.072343074	2.8368375	1016.526875	64.13038194444444	17.13284722222222	183.28555555555556	0.07916666666666668	0.0			-3.0762573550720522	0.2257107898146909	165.0	227.0	0.01	0.0	5.9	34.099998474121094
2007-10-01	-0.545	0.09983007	1.0389375	1026.1594791666666	80.1521875	14.090486111111112	163.77524305555556	0.8395833333333332	0.0			-5.25	0.07446193518654372	157.0	219.0	0.03	0.0	6.2	39.599998474121094
2007-10-08	-0.27	7.2201095e-05	1.8615750000000002	1022.0498611111111	77.00024305555556	10.604930555555555	144.849375	0.5208333333333334	0.0			-5.25	0.15002833050456768	162.0	237.0	0.06	0.02	6.7	43.599998474121094
2007-10-15	-0.27	-0.0013413826	2.4108750000000003	1018.7651736111111	70.41190972222222	10.139513888888889	126.82506944444445	0.05416666666666667	0.0			-5.25	0.006040620712738503	158.0	236.0	0.03	0.03	7.3	46.20000076293945
2007-10-22	-0.27	-0.00389719	2.270236363636364	1031.4543071338383	80.15376736111112	3.01667297979798	111.2336994949495	0.4916666666666667	0.0			-5.25	0.006827983735870383	143.0	219.0	0.01	0.04	8.0	43.70000076293945
2007-10-29	-0.27	-0.00043265024	3.431025	1015.2883333333334	82.6517361111111	7.6291319444444445	94.6579861111111	0.6479166666666667	0.0			-5.25	0.0010104965429401115	126.0	178.0	0.01	0.06	8.2	30.5
2007-11-05	-0.27	-0.0015585026	2.2174875000000003	1026.8770833333333	97.12777777777778	3.0791319444444447	81.00065972222222	0.625	0.0			-5.25	0.014642305831872905	103.0	154.0	0.05	0.1	8.2	17.299999237060547
2007-11-19	-0.27	-0.0021997094	5.3905125	1016.9429166666667	89.24326388888888	1.096284722222222	59.35864583333333	0.7770833333333332	0.0			-5.25	4.8114840173332226e-05	79.0	117.0	0.07	0.18	8.4	6.800000190734863
2007-12-03	-0.27	-0.00025855005	9.554166666666667	986.3625000000001	86.70833333333333	6.745833333333334	19.90740740740741	0.86875	0.14583333333333334			-5.25	3.35295714690791e-05	69.0	96.0	0.07	0.31	8.1	6.199999809265137
2007-12-17	-0.27	3.2534201e-06	2.8541666666666665	1041.7041666666667	87.33333333333333	0.19999999999999998	10.300925925925926	0.975	0.0			-5.25	3.0189194868103735e-05	55.0	77.0	0.07	0.41		
2008-01-07	-0.27	4.2527914e-05	4.308333333333334	1012.2666666666668	96.58333333333333	1.7458333333333333	17.36111111111111	0.6104166666666667	0.13333333333333333	9.0	-8.0	-5.25	0.0	47.0	64.0	0.06	0.49	7.8	11.100000381469727
2008-01-21	-0.27	3.6577385e-05	8.066666666666666	1007.3833333333333	98.875	9.370833333333334	6.1342592592592595	1.0	0.6291666666666667	9.0	6.0	-5.25	2.3800134025612002e-05	37.0	66.0	0.04	0.56	7.4	13.199999809265137
2008-02-04	-0.27	2.404054e-05	3.3625000000000003	1010.1458333333334	82.5	2.6	78.125	0.26875	0.0	9.0	20.0	-5.25	2.1823892576396438e-05	32.0	56.0	0.03	0.7	7.1	16.700000762939453
2008-02-18	-0.27	1.2675921e-05	6.629166666666666	1027.0125	93.75	3.1833333333333336	10.648148148148149	1.0	0.016666666666666666	9.0	34.0	-5.25	2.0095350001598037e-05	16.0	61.0	0.01	0.66	6.8	29.700000762939453
2008-03-03	-0.27	-2.5232632e-06	6.2625	1004.0208333333334	83.54166666666667	5.545833333333333	69.44444444444444	0.7958333333333334	0.1375	9.0	48.0	-5.25	3.714881445968374e-05	9.0	68.0	0.01	0.54	5.3	38.20000076293945
2008-03-10	-0.27	-7.6293945e-06	5.3500000000000005	997.1125000000001	67.5	8.654166666666667	159.6064814814815	0.21041666666666667	0.0	9.0	55.0	-5.25	1.7881441820674234e-05	3.0	68.0	0.01	0.4	3.4	41.400001525878906
2008-03-17	-0.27	-0.0018293062	5.1702852272727275	1002.517995580808	74.53854797979798	3.862686237373737	178.23906250000002	0.6749999999999999	0.13749999999999998	9.0	62.0	-5.25	0.020033902435601894	9.0	71.0	0.01	0.24	0.48	42.900001525878906
2008-03-24	-0.27	-0.0016658902	3.1082250000000005	994.6468402777778	63.94086805555556	1.581388888888889	198.54225694444446	0.44166666666666665	0.0	9.0	69.0	-5.25	0.003263798166151682	9.0	53.0	0.01	0.19	0.11	26.299999237060547
2008-03-31	-0.545	0.17780362	2.460930681818182	1015.2865561868688	51.32590277777778	11.671720328282829	218.99053030303028	0.71875	0.0	9.0	76.0	-5.25	0.0017597764381550548	2.0	52.0	0.01	0.16	0.12	22.100000381469727
2008-04-07	-0.27	0.0017573038	2.086425	1001.3020486111112	89.85767361111111	3.708472222222222	238.95562499999997	0.86875	0.10833333333333334	9.0	83.0	-5.25	0.0	3.0	58.0	0.01	0.28	0.31	19.700000762939453
2008-04-14	-0.27	0.07683035	2.3609625	1011.270486111111	75.31281249999999	9.9846875	258.3598611111111	0.8229166666666666	0.08333333333333333	9.0	90.0	-5.25	0.07197114917012898	8.0	59.0	0.03	0.23	0.45	19.399999618530273
2008-04-21	-0.27	-0.00086295605	5.9716125	1009.7760416666666	58.46072916666666	10.496354166666666	276.8078125	0.2791666666666667	0.0	9.0	97.0	-5.25	0.0007100495043005766	5.0	60.0	0.01	0.31	0.4	21.700000762939453
2008-04-28	-0.27	-7.669131e-06	5.957137500000001	1010.2303819444445	44.429236111111116	15.413819444444444	294.02677083333333	0.5708333333333333	0.0	9.0	104.0	-5.25	0.12076924655294215	4.0	44.0	0.01	0.31	0.19	11.699999809265137
2008-05-05	-0.27	0.12401029	2.4995625	1026.8982291666666	63.706180555555555	14.413472222222223	309.7529166666667	0.4270833333333333	0.004166666666666667	9.0	111.0	-5.25	0.032076764406901236	7.0	30.0	0.06	0.34	0.7	2.700000047683716
2008-05-12	-1.6135	0.5997079	1.7170500000000002	1018.5169791666667	46.425694444444446	17.625937500000003	323.7579861111111	0.1625	0.0	9.0	118.0	-1.5169512105518501	0.43298482501701707	14.0	52.0	0.09	0.31	1.05	3.0999999046325684
2008-05-19	-4.4902	0.2788515	1.9827000000000001	1013.3453819444444	59.495798611111105	10.930833333333334	335.82413194444445	0.6666666666666666	0.0	9.0	125.0	-3.731903218568858	0.9884254162724501	9.0	44.0	0.09	0.28	1.3	8.300000190734863
2008-05-26	-0.27	0.00057053566	4.006950000000001	1013.9019791666666	69.67149305555556	15.708958333333333	345.7657291666667	0.725	0.0	9.0	132.0	-5.25	0.0003230472262691716	13.0	34.0	0.12	0.24	2.0	2.299999952316284
2008-06-02	-0.27	0.023513475	3.8055375000000002	1013.5422222222222	38.312222222222225	22.87795138888889	353.42326388888887	0.10416666666666667	0.0	9.0	139.0	-5.25	0.027542082163686907	12.0	59.0	0.1	0.21	1.0	24.0
2008-06-09	-2.765	0.3656257	1.9343250000000003	1019.4255902777777	44.40368055555555	21.255659722222223	358.6705902777778	0.19375	0.0	9.0	146.0	-2.6203907978096677	0.31728324389513296	4.0	54.0	0.06	0.03	0.74	42.70000076293945
2008-06-16	-0.27	0.11431304	1.5768000000000002	1008.765763888889	62.67069444444445	14.377083333333333	361.4111111111111	0.6229166666666667	0.0	9.0	153.0	-5.25	0.11222166310839093	24.0	99.0	0.04	0.0	0.53	28.600000381469727
2008-06-23	-0.27	-0.002814293	5.9254125	1014.7386458333334	54.619375	18.744270833333335	361.61020833333333	0.2354166666666667	0.004166666666666667	9.0	160.0	-5.25	0.00042981646816346743	28.0	82.0	0.07	0.0	0.51	17.200000762939453
2008-06-30	-0.27	0.020243088	3.2243250000000003	1017.7387152777778	53.46079861111111	18.2459375	359.27496527777777	0.36874999999999997	0.0	9.0	167.0	-5.25	0.0004290659476971748	56.0	119.0	0.05	0.0	0.98	25.0
2008-07-07	-0.27	-0.002363205	4.1764875	1005.3114583333332	65.87284722222222	18.929513888888888	354.4684027777778	0.7666666666666666	0.40833333333333327	9.0	174.0	-5.25	0.060981413009859195	54.0	128.0	0.05	0.01	1.7	41.20000076293945
2008-07-14	-0.27	0.005222241	2.8765875	1018.3973263888889	64.26006944444445	16.731354166666666	347.29440972222227	0.5520833333333334	0.0	9.0	181.0	-4.51275252008766	0.4509231472503102	91.0	199.0	0.06	0.0	2.7	69.5
2008-07-21	-0.27	0.010403077	6.49905	1012.6999652777778	66.01850694444444	14.565	337.8940625	0.7999999999999999	0.016666666666666666	9.0	188.0	-5.25	0.0014887347515273996	110.0	230.0	0.05	0.0	3.5	76.0999984741211
2008-07-28	-3.2245	0.48918137	2.6422125000000003	1018.0690625000001	43.95590277777777	24.455416666666665	326.43881944444445	0.15416666666666667	0.0	9.0	195.0	-2.547791102629868	0.5009345611685724	74.0	176.0	0.03	0.01	1.7	40.0
2008-08-04	-0.27	-0.0026643276	7.840462500000001	1005.0903819444444	61.62114583333334	19.135868055555555	313.11781249999996	0.54375	0.30416666666666664	9.0	202.0	-5.25	0.001018899763574249	96.0	184.0	0.07	0.02	2.3	54.599998474121094
2008-08-11	-0.27	0.0011521975	2.5686750000000003	1006.1333680555555	62.35295138888889	21.006006944444447	298.1460416666667	0.6666666666666666	0.0	9.0	209.0	-5.25	0.002523377486902147	211.0	354.0	0.06	0.03	3.3	100.5
2008-08-18	-0.27	0.010593097	2.2675125	1011.5412499999999	70.58854166666667	18.5378125	281.73048611111113	0.6583333333333333	0.0	9.0	216.0	-5.25	0.013235221525511853	203.0	291.0	0.01	0.01	2.9	64.9000015258789
2008-08-25	-0.27	0.034850996	2.4502125	1016.3019791666667	77.88559027777778	16.697777777777777	264.1069097222222	0.6854166666666667	0.0	9.0	223.0	-5.25	0.03409902833898613	207.0	319.0	0.05	0.0	2.8	57.29999923706055
2008-09-01	-0.27	0.026435614	4.125825	1014.5448958333333	67.28913194444443	19.00402777777778	245.53326388888888	0.7541666666666668	0.38333333333333336	9.0	230.0	-5.25	0.0007843927610558612	207.0	286.0	0.05	0.0	2.5	46.20000076293945
2008-09-08	-0.27	0.0046313605	3.0984375000000006	1015.1808333333333	75.57166666666667	17.245868055555555	226.26645833333336	0.46249999999999997	0.004166666666666667	9.0	237.0	-5.25	0.001248066426953106	209.0	295.0	0.01	0.0	2.4	45.900001525878906
2008-09-15	-0.27	-0.0038114388	2.8189875000000004	1023.7191319444445	64.66805555555555	12.273819444444444	206.5896875	0.8604166666666666	0.0	9.0	244.0	-5.25	0.00410781420143618	210.0	312.0	0.07	0.0	2.3	46.5
2008-09-22	-0.27	0.021402637	1.7603625	1018.3133333333334	85.89802083333335	12.139479166666668	186.80229166666666	0.85	0.11666666666666665	9.0	251.0	-5.25	0.004806977721777727	219.0	304.0	0.07	0.02	2.2	45.900001525878906
2008-09-29	-0.27	-0.0018505255	2.9020500000000005	1014.4464930555555	74.3796875	12.587534722222223	167.22479166666668	0.93125	0.0625	9.0	258.0	-5.25	0.0036912023104806063	233.0	290.0	0.04	0.03	2.0	29.399999618530273
2008-10-06	-0.545	0.11142739	1.2063	1012.6329861111111	95.1145138888889	11.828958333333333	148.17114583333333	0.9583333333333334	0.05416666666666667	9.0	265.0	-5.25	0.006443668674864854	221.0	276.0	0.09	0.06	2.1	25.799999237060547
2008-10-13	-0.27	0.05629607	1.3239375	1020.3446527777778	87.90079861111111	12.179409722222223	129.96329861111113	0.4354166666666666	0.0	9.0	272.0	-5.25	0.01847866907188259	246.0	294.0	0.09	0.09	2.4	13.100000381469727
2008-10-20	-0.27	-0.0011416277	3.9132000000000002	1016.7207986111111	70.63892361111111	12.42267361111111	112.90559027777778	0.425	0.0	9.0	279.0	-5.25	0.0005083141209379764	264.0	307.0	0.14	0.1	2.7	15.800000190734863
2008-10-27	-0.27	-0.00053652126	3.8251125	1006.722326388889	92.96083333333333	10.7259375	97.27638888888889	0.9541666666666666	0.37083333333333335	9.0	286.0	-5.25	0.0003326099973206036	254.0	297.0	0.16	0.14	3.1	13.0
2008-11-10	-0.27	-0.00021827221	6.837000000000001	1016.972986111111	71.68506944444444	12.804895833333333	71.17006944444445	0.725	0.0	9.0	300.0	-5.25	0.0	207.0	237.0	0.23	0.23	4.2	5.699999809265137
2008-11-24	-0.27	-0.0023576815	2.405025	993.4603472222221	88.99118055555556	0.8740277777777777	52.75395833333334	0.6875	0.0	9.0	314.0	-5.25	0.0003609168346311809	138.0	163.0	0.25	0.32	4.9	2.700000047683716
2008-12-08	-0.27	-2.6802221e-05	4.080583333333333	1022.4380902777779	89.25302083333332	4.127430555555556	42.542488425925924	0.9104166666666668	0.0	9.0	328.0	-5.25	0.00014666711046538395	104.0	140.0	0.24	0.4	5.5	1.7000000476837158
2008-12-22	-0.27	-6.748239e-05	8.725	1021.5583333333334	81.08333333333333	7.925	21.527777777777782	0.8604166666666666	0.07083333333333335	9.0	342.0	-5.25	0.00015630403915037916	90.0	113.0	0.21	0.36	6.3	2.0
2009-01-05	-0.27	-8.416176e-05	4.245833333333334	1020.6291666666666	84.16666666666667	-6.370833333333334	48.84259259259259	0.39166666666666666	0.07916666666666668	63.0	-60.0	-5.25	9.166691084179961e-05	42.0	68.0	0.16	0.96	7.0	6.0
2009-01-19	-0.27	-0.00010104974	4.683333333333334	999.7125	85.79166666666667	2.5208333333333335	46.643518518518526	0.6541666666666667	0.075	63.0	-46.0	-5.25	0.00010906938832628318	36.0	65.0	0.21	0.89	7.4	11.300000190734863
2009-02-02	-0.27	-0.00012365977	7.120833333333334	1013.3291666666668	78.91666666666667	0.7416666666666667	18.287037037037038	0.9249999999999999	0.0	63.0	-32.0	-5.25	0.0	30.0	51.0	0.19	1.09	7.3	26.899999618530273
2009-02-16	-0.27	-0.00014177959	1.5125	1017.0541666666667	97.16666666666667	-0.15833333333333333	22.222222222222225	1.0	0.31666666666666665	63.0	-18.0	-5.25	0.00016313354680352868	15.0	82.0	0.03	0.22	6.5	114.4000015258789
2009-03-02	-0.27	-0.00010919571	3.2458333333333336	1011.9208333333332	91.33333333333333	6.675	28.703703703703706	0.9187500000000001	0.11666666666666665	63.0	-4.0	-5.25	0.00020684901599889104	4.0	66.0	0.01	0.64	4.7	59.79999923706055
2009-03-16	-0.27	8.253256e-05	2.2416666666666667	1031.3458333333333	83.625	6.570833333333333	78.58796296296298	0.8770833333333333	0.0	63.0	10.0	-5.25	0.0012195982509930084	12.0	74.0	0.08	0.82	5.3	25.600000381469727
2009-03-23	-0.27	-0.0012209615	8.260837500000001	1000.1559722222222	78.48027777777777	6.172118055555555	195.15836805555557	0.8729166666666667	0.2708333333333333	63.0	17.0	-5.25	0.0	12.0	74.0	0.01	0.89	6.4	30.200000762939453
2009-03-30	-0.27	0.010726054	1.265775	1019.6678472222221	81.51194444444444	5.650590277777778	215.53052083333333	0.5541666666666667	0.0	63.0	24.0	-5.25	0.009011935000740165	8.0	66.0	0.01	0.95	4.8	31.799999237060547
2009-04-06	-0.27	0.05194958	3.0271500000000002	1018.8722222222223	63.36013888888888	10.795729166666666	235.64802083333333	0.1708333333333333	0.0	63.0	31.0	-4.532965173163096	0.5519517940667107	5.0	63.0	0.01	0.85	5.2	48.900001525878906
2009-04-13	-0.27	0.0007576148	4.817925000000001	1010.8700347222222	62.78024305555556	12.467534722222224	255.16861111111112	0.06666666666666667	0.0	63.0	38.0	-5.25	9.529375394040392e-05	4.0	68.0	0.01	0.75	4.9	35.29999923706055
2009-04-20	-0.27	0.05281667	2.09145	1025.2037152777777	49.93725694444444	10.332986111111111	273.7913541666667	0.10416666666666667	0.0	63.0	45.0	-5.25	0.030058492447877824	5.0	61.0	0.01	0.64	4.8	30.100000381469727
2009-04-27	-0.27	0.0019924243	4.5727875000000004	1004.3229513888888	45.09489583333333	17.82204861111111	291.22875	0.6583333333333333	0.0	63.0	52.0	-5.25	0.0007249832713563795	8.0	36.0	0.05	0.51	4.1	5.0
2009-05-04	-0.27	0.006409923	3.5821500000000004	1020.6111111111112	64.88822916666666	11.014236111111112	307.2210763888889	0.69375	0.0	63.0	59.0	-5.137414881398596	0.21529677313326662	26.0	47.0	0.14	0.49	4.3	3.0999999046325684
2009-05-11	-0.27	0.054828126	1.9910250000000003	1019.7569444444445	72.40180555555555	12.317326388888889	321.5253125	0.9145833333333333	0.012499999999999999	63.0	66.0	-5.25	0.07273201689536339	37.0	61.0	0.21	0.48	4.6	6.199999809265137
2009-05-18	-1.0731	0.21820407	1.7758125	1017.6972916666667	74.51913194444445	16.84840277777778	333.9351041666667	0.6520833333333333	0.26666666666666666	63.0	73.0	-5.25	0.017052458550886128	15.0	70.0	0.06	0.46	4.1	23.100000381469727
2009-05-25	-3.8037	0.3465477	1.7210625000000002	1018.5765972222222	58.24548611111111	18.509895833333335	344.25402777777776	0.05833333333333334	0.0	63.0	80.0	-3.647881946184707	0.46678669397836625	7.0	62.0	0.03	0.12	3.8	52.900001525878906
2009-06-01	-5.455	0.11931244	2.2790250000000003	1019.1169097222222	76.39607638888889	17.037465277777777	352.3176736111111	0.5166666666666667	0.0	63.0	87.0	-5.25	0.14588830150452173	12.0	75.0	0.04	0.08	5.9	55.79999923706055
2009-06-08	-0.27	0.007918437	4.7095875000000005	1008.7949652777778	61.757395833333334	15.116770833333334	357.99156250000004	0.5625	0.0	63.0	94.0	-5.25	0.0006857832958294935	27.0	110.0	0.08	0.0	5.2	63.70000076293945
2009-06-15	-2.6327	0.31273112	1.9742625	1014.7847569444444	73.26572916666667	17.213993055555555	361.17722222222227	0.7916666666666666	0.28750000000000003	63.0	101.0	-5.25	0.09206307668096513	33.0	96.0	0.08	0.24	3.3	21.299999237060547
2009-06-22	-0.27	-0.00015640259	2.7304875	1021.5462152777777	79.52375	14.951041666666667	361.8306597222222	0.7666666666666666	0.2541666666666667	63.0	108.0	-5.25	0.03203248773189914	47.0	105.0	0.09	0.0	4.2	14.800000190734863
2009-06-29	-1.0642	0.43592486	1.2895875	1018.1890625	79.46541666666667	19.674444444444443	359.9478125	0.7166666666666667	0.0	63.0	115.0	-2.1281039719307344	0.6067829732565865	62.0	117.0	0.09	0.0	5.8	21.399999618530273
2009-07-06	-3.7758	1.0458127	1.8849	1006.891423611111	61.677812499999995	21.315243055555555	355.58048611111116	0.5979166666666667	0.0	63.0	122.0	-3.7036517578418007	6.374921174883282	36.0	109.0	0.06	0.0	6.1	11.100000381469727
2009-07-13	-0.27	0.085938774	2.2190250000000002	1012.1244444444445	66.77809027777778	19.91732638888889	348.8310763888889	0.6645833333333333	0.0375	63.0	129.0	-5.25	0.014034679606889252	81.0	170.0	0.05	0.01	8.5	43.5
2009-07-20	-0.27	-0.0017555555	5.943975000000001	1014.4605208333334	68.58121527777777	17.239375	339.8280555555555	0.56875	0.2416666666666667	63.0	136.0	-5.25	0.0012398560990959098	89.0	158.0	0.05	0.0	8.7	22.200000762939453
2009-07-27	-0.27	-0.0008242925	3.7429500000000004	1014.5166319444444	50.878819444444446	21.09888888888889	328.7441666666667	0.39999999999999997	0.0	63.0	143.0	-5.25	0.0019023535083987852	110.0	220.0	0.05	0.0	8.0	60.79999923706055
2009-08-03	-3.7938	0.28864703	2.3286375	1013.566736111111	89.34430555555555	18.23815972222222	315.76572916666663	0.8416666666666667	0.04583333333333334	63.0	150.0	-2.9617774226903553	0.34841811254723526	84.0	186.0	0.01	0.01	4.3	46.70000076293945
2009-08-10	-0.27	0.056634188	2.2849875	1014.5750694444445	58.29052083333334	21.008125	301.0889236111111	0.71875	0.0	63.0	157.0	-5.25	0.014403397992166757	77.0	164.0	0.01	0.02	1.5	25.799999237060547
2009-08-17	-0.27	0.11032256	2.2477125	1011.828125	58.42510416666667	21.588680555555555	284.9328472222222	0.5583333333333333	0.012499999999999999	63.0	164.0	-3.8087487957000827	0.3482693491775274	140.0	234.0	0.01	0.02	0.6	58.599998474121094
2009-08-24	-0.27	0.0004921754	4.9844625	1016.4676736111111	50.58253472222222	18.974930555555556	267.53288194444445	0.17500000000000002	0.0	63.0	171.0	-5.25	0.053019909942930744	213.0	298.0	0.05	0.01	1.0	24.100000381469727
2009-08-31	-0.27	0.035971403	2.330025	1019.5129513888888	56.25524305555555	18.4721875	249.12552083333333	0.32916666666666666	0.0	63.0	178.0	-5.25	0.01687289095613905	311.0	430.0	0.25	0.05	3.1	10.199999809265137
2009-09-07	-0.27	0.0061957836	2.346904166666667	1023.8618402777778	70.34798611111111	16.403854166666665	229.97524305555555	0.6124999999999999	0.0	63.0	185.0	-5.25	0.0	315.0	411.0	0.36	0.1	5.0	15.300000190734863
2009-09-14	-0.27	-0.0014395714	3.6627750000000003	1019.8237847222222	75.92895833333334	14.851215277777778	210.36809027777778	0.8645833333333334	0.0	63.0	192.0	-5.25	0.006097416846422588	274.0	360.0	0.24	0.15		24.899999618530273
2009-09-21	-3.274	0.1633826	1.2656625000000001	1022.7992708333333	79.38628472222223	15.995659722222221	190.5895833333333	0.49374999999999997	0.0	63.0	199.0	-2.1394030452463837	0.5173327247714848	236.0	328.0	0.11	0.16	4.0	13.199999809265137
2009-09-28	-0.27	-0.000775973	4.213125000000001	1019.489236111111	80.95427083333333	13.917569444444444	170.96114583333335	0.7541666666666668	0.0	63.0	206.0	-5.25	0.1639723050963716	192.0	319.0	0.01	0.03	3.3	72.80000305175781
2009-10-05	-0.27	-0.0015317599	3.5371875000000004	1016.0864930555555	63.27427083333333	11.002881944444445	151.79975694444445	0.4770833333333333	0.0	63.0	213.0	-5.25	0.0006090324708233329	168.0	323.0	0.01	0.0	2.9	102.0999984741211
2009-10-12	-0.27	-0.0037901402	3.1592249999999997	1009.5482291666667	88.31149305555556	8.496979166666668	133.41736111111112	0.7729166666666667	0.425	63.0	220.0	-5.25	0.0013291304327848555	147.0	253.0	0.03	0.01	2.1	53.599998474121094
2009-10-19	-0.27	-0.0039219856	2.1529125000000002	1020.2381944444445	81.22409722222223	6.6640625	116.13628472222223	0.25833333333333336	0.0	63.0	227.0	-5.25	0.005186877090278024	134.0	201.0	0.03	0.01	2.6	32.79999923706055
2009-10-26	-0.27	0.0025162299	3.0045750000000004	1015.0758333333333	92.87243055555557	9.997916666666667	100.23055555555555	0.8520833333333333	0.012500000000000002	63.0	234.0	-5.25	0.030691713718157695	130.0	188.0	0.01	0.05	3.0	22.399999618530273
2009-11-09	-0.27	-0.000642101	2.4568875	1009.5454166666667	97.0675	5.088819444444444	73.45590277777778	1.0	0.25833333333333336	63.0	248.0	-5.25	0.0	121.0	164.0	0.01	0.13	3.2	21.700000762939453
2009-11-23	-0.27	0.00019780795	8.040750000000001	1003.3427083333332	74.03777777777778	9.447604166666666	54.317569444444445	0.7416666666666667	0.075	63.0	262.0	-5.25	0.000257271591289968	90.0	139.0	0.01	0.19	3.4	38.70000076293945
2009-12-07	-0.27	-0.0057934523	2.3736	1011.9656597222223	93.23059027777778	6.568923611111111	43.01454861111111	0.41875	0.012499999999999999	63.0	276.0	-5.25	0.00022092285029408064	62.0	111.0	0.01	0.24	3.1	44.5
2009-12-21	-0.27	-0.0056921444	4.504166666666667	1001.1333333333333	85.25	-3.3708333333333336	12.847222222222223	0.9145833333333333	0.008333333333333333	63.0	290.0	-5.25	0.006648178820180258	50.0	80.0	0.05	0.38	3.8	16.0
2010-01-04	-0.27	-0.00018585799	2.8666666666666667	1017.3375	92.75	-6.454166666666667	11.342592592592593	1.0	0.0	72.0	-72.0	-5.25	0.0006806741826590085	41.0	62.0	0.06	0.15	2.9	5.599999904632568
2010-01-18	-0.27	-0.00031294924	2.8708333333333336	1022.6666666666666	93.875	0.029166666666666678	8.912037037037038	0.9645833333333332	0.008333333333333333	72.0	-58.0	-5.25	0.0	42.0	63.0	0.12	0.73	4.6	2.299999952316284
2010-02-01	-0.27	0.00035936633	4.408333333333333	1006.3541666666666	85.41666666666667	-1.5083333333333335	60.87962962962964	0.8770833333333333	0.020833333333333332	72.0	-44.0	-5.25	0.00022199972021626452	41.0	61.0	0.11	0.75	5.1	4.699999809265137
2010-02-15	-0.27	0.00050831836	1.1208333333333333	1011.9125	83.95833333333333	-2.716666666666667	50.925925925925924	0.8666666666666667	0.0	72.0	-30.0	-5.25	0.00016805514061903984	43.0	61.0	0.13	0.91	5.0	6.5
2010-03-01	-0.27	0.0003606677	11.120833333333332	1000.0500000000001	73.54166666666667	4.458333333333333	51.041666666666664	0.7833333333333333	0.0625	72.0	-16.0	-5.25	0.0	35.0	62.0	0.12	0.88	5.5	7.599999904632568
2010-03-15	-0.27	0.0001856486	4.766666666666667	1016.025	90.54166666666667	0.4875	96.75925925925925	0.7895833333333333	0.09583333333333333	72.0	-2.0	-5.25	0.0001061402689133087	9.0	89.0	0.01	1.03	5.3	152.0
2010-03-22	-0.27	9.868542e-05	2.795833333333333	1022.5375	68.41666666666667	8.104166666666666	194.79166666666666	0.5333333333333333	0.0	72.0	5.0	-5.25	0.0	6.0	66.0	0.04	1.0	4.9	76.69999694824219
2010-03-29	-0.27	2.2729238e-05	2.308333333333333	1006.3708333333334	87.66666666666667	7.558333333333334	72.10648148148148	0.7708333333333334	0.025000000000000005	72.0	12.0	-5.25	8.739593457128605e-05	3.0	74.0	0.01	0.84	4.3	91.5999984741211
2010-04-05	-0.27	-4.0253002e-05	4.354166666666667	1023.1083333333332	79.75	6.504166666666666	60.53240740740741	0.6791666666666667	0.0	72.0	19.0	-5.25	0.0	6.0	61.0	0.03	0.89	4.0	21.100000381469727
2010-04-12	-0.27	-0.0004974206	3.9101870454545455	1020.9188047138047	70.41714983164984	8.830614898989898	251.46203893097643	0.5499999999999999	0.008333333333333333	72.0	26.0	-5.25	0.000140162739198711	7.0	76.0	0.01	0.82	3.3	44.70000076293945
2010-04-19	-0.27	0.009374936	2.4660852272727274	1013.3008207070707	56.235912247474744	9.458085227272727	270.36280555555555	0.24375	0.0	72.0	33.0	-5.13515962163023	0.3732767105691778	4.0	77.0	0.01	0.57	0.5	87.9000015258789
2010-04-26	-0.27	0.032910544	4.3662647727272725	1020.0916950757577	69.57442550505051	12.586300505050504	288.38706755050504	0.7854166666666668	0.20833333333333334	72.0	40.0	-5.25	0.004436407188386123	4.0	48.0	0.03	0.5	0.06	27.5
2010-05-03	-4.9501	0.1343848	2.4383624999999998	1009.9625347222222	94.52986111111112	9.401527777777778	304.48003472222223	1.0	0.4583333333333333	72.0	47.0	-4.413254644500887	0.33735843607835686	3.0	55.0	0.01	0.31	0.06	36.20000076293945
2010-05-10	-3.8834	0.19698317	2.1189	1008.0251041666667	82.08885416666666	10.017881944444445	319.1035069444444	0.9249999999999999	0.004166666666666667	72.0	54.0	-2.8460242579111283	0.3236844296266324	4.0	57.0	0.03	0.17	0.05	48.599998474121094
2010-05-17	-0.27	-0.0014400482	3.5387625000000003	1016.7212152777778	49.66302083333333	12.187916666666666	331.86930555555557	0.75625	0.0	72.0	61.0	-5.25	0.001305977325183781	14.0	69.0	0.07	0.17	0.1	40.20000076293945
2010-05-24	-0.27	-0.0010221004	4.1582625	1008.9818055555556	77.02180555555556	15.463645833333333	342.5725347222222	0.6375000000000001	0.2875	72.0	68.0	-5.25	0.3958771341223503	4.0	57.0	0.03	0.05	0.05	45.099998474121094
2010-05-31	-0.27	-8.058548e-05	4.4613375	1005.3615277777777	95.94673611111112	11.46888888888889	351.05107638888893	0.99375	0.17916666666666667	72.0	75.0	-5.25	0.0017242628854310209	6.0	44.0	0.03	0.02	0.05	23.600000381469727
2010-06-07	-0.27	0.057847578	5.910825	1007.7290972222222	66.76618055555555	18.37920138888889	357.15743055555555	0.7791666666666667	0.0625	72.0	82.0	-3.707667480893923	0.2721917197783546	4.0	54.0	0.04	0.01	0.05	32.79999923706055
2010-06-14	-0.27	0.14919393	1.3263375000000002	1016.0264236111111	59.165416666666665	15.151111111111112	360.7963194444444	0.7729166666666667	0.0	72.0	89.0	-5.25	0.18087831524127027	24.0	89.0	0.03	0.0	2.0	37.29999923706055
2010-06-21	-0.27	0.045831997	1.7413875	1016.9946180555556	77.57875	14.119340277777779	361.8971875	0.6458333333333334	0.041666666666666664	72.0	96.0	-5.25	0.04304934693880944	68.0	149.0	0.07	0.0	1.9	32.400001525878906
2010-06-28	-0.27	0.027101597	2.370833333333333	1020.1333333333333	50.666666666666664	21.979166666666668	347.22222222222223	0.11041666666666666	0.0	72.0	103.0	-5.25	0.015292879368982491	47.0	125.0	0.07	0.0	2.1	36.79999923706055
2010-07-05	-2.7681	1.6033252	2.0953583333333334	1015.7062152777777	63.37871527777778	23.679861111111112	346.8963078703703	0.7958333333333334	0.1625	72.0	110.0	-2.587848118035847	2.0364101680197857	12.0	105.0	0.01	0.0	1.8	61.599998474121094
2010-07-12	-2.3342	1.8411152	2.909925	1012.0820486111111	47.98524305555555	29.129375	350.2048263888889	0.3770833333333334	0.0	72.0	117.0	-1.5347930319048377	1.1235762467195363	10.0	120.0	0.04	0.0	1.7	72.9000015258789
2010-07-19	-4.5903	0.9807541	1.2732750000000002	1024.4099305555555	53.68725694444444	20.77659722222222	341.596875	0.225	0.0	72.0	124.0	-4.230358750241606	18.80251872319209	105.0	205.0	0.22	0.03	2.4	33.79999923706055
2010-07-26	-0.27	0.10605693	1.2845250000000001	1011.9961458333333	55.23166666666666	19.877569444444443	330.87038194444443	0.7416666666666667	0.0	72.0	131.0	-5.25	0.08923034769229665	247.0	346.0	0.38	0.03	3.0	17.0
2010-08-02	-1.5218	0.28238478	1.5968250000000002	1012.7814930555555	73.76170138888888	22.049409722222222	318.2109375	0.8229166666666666	0.10416666666666667	72.0	138.0	-3.7192230816927316	0.5445068203273278	273.0	379.0	0.2	0.04	3.6	34.5
2010-08-09	-0.27	0.070536375	2.1391500000000003	1015.2384375	83.61149305555556	19.753854166666667	303.82413194444445	0.5354166666666667	0.35833333333333334	72.0	145.0	-4.385153259413203	0.5249533485645952	391.0	445.0	0.45	0.08	4.3	14.899999618530273
2010-08-16	-0.27	-0.0029565494	3.5707500000000003	1010.6832291666666	71.91027777777778	19.800069444444443	287.91770833333334	0.7291666666666666	0.1958333333333333	72.0	152.0	-5.25	0.0007467715560984209	442.0	523.0	0.49	0.09	4.6	18.0
2010-08-23	-0.27	0.027434826	3.7796625	1005.7322569444444	86.53065972222221	21.2525	270.71875	0.7666666666666666	0.1125	72.0	159.0	-4.680615274131468	0.44802492734862814	341.0	450.0	0.16	0.11	4.2	81.4000015258789
2010-08-30	-0.27	0.0015204748	2.9468625	1007.3310763888888	80.70277777777778	13.544270833333334	252.47472222222223	0.8375	0.2916666666666667	72.0	166.0	-5.25	0.0013135378534367844	225.0	358.0	0.21	0.13	3.3	69.4000015258789
2010-09-06	-0.27	-0.0025831063	2.013825	1022.6631944444445	69.9375	12.7275	233.43670138888888	0.32708333333333334	0.0	72.0	173.0	-5.25	0.009567909136645313	127.0	269.0	0.05	0.05	1.5	74.19999694824219
2010-09-13	-3.6449	0.18405612	1.9932	1020.7956597222222	90.82631944444445	15.561805555555557	213.89065972222224	0.7895833333333333	0.22083333333333335	72.0	180.0	-2.588036217946963	0.36398918827360977	123.0	209.0	0.06	0.1	1.6	54.900001525878906
2010-09-20	-0.27	-0.0005945365	4.738125	1015.6200347222222	67.64104166666667	14.749618055555556	194.1223611111111	0.8958333333333334	0.0	72.0	187.0	-5.25	0.0007124454769102162	96.0	207.0	0.07	0.18	1.3	84.9000015258789
2010-09-27	-0.27	0.014201124	2.955375	1003.2523611111111	97.04402777777779	14.010833333333332	174.4414236111111	1.0	0.7958333333333334	72.0	194.0	-5.25	0.09857878901085103	91.0	159.0	0.07	0.2	1.7	20.399999618530273
2010-10-04	-0.27	-0.00033076605	6.3814874999999995	1011.1064583333333	70.22420138888889	13.768576388888889	155.17291666666668	0.375	0.0	72.0	201.0	-5.25	0.00021764796082268366	96.0	163.0	0.24	0.24	2.9	10.600000381469727
2010-10-11	-0.27	0.0008407831	1.4853375	1018.8780902777777	95.60704861111111	5.965	136.63065972222222	0.47291666666666665	0.0	72.0	208.0	-5.25	0.008714833836498062	99.0	149.0	0.24	0.37	4.1	11.600000381469727
2010-10-18	-0.27	-0.0014195442	1.53405	1020.7135763888888	71.3878125	6.098125	119.12854166666666	0.08333333333333333	0.0	72.0	215.0	-5.25	0.0068615890031018595	98.0	148.0	0.3	0.49	4.9	11.0
2010-10-25	-0.27	-0.0017696222	3.8887875000000007	1017.3901388888889	74.80805555555555	6.480902777777778	102.95854166666668	0.3979166666666667	0.0	72.0	222.0	-5.25	0.0002457758154499639	76.0	119.0	0.29	0.69	5.3	5.699999809265137
2010-11-08	-0.27	-0.0033391714	2.0843625	990.4942361111111	96.7073611111111	3.43625	75.64420138888889	1.0	0.1375	72.0	236.0	-5.25	0.0031220334596296414	62.0	104.0	0.26	0.72	5.8	3.299999952316284
2010-11-22	-0.27	-0.0015295545	3.4117125	1000.2717013888888	96.82131944444444	4.554895833333333	55.70545138888889	1.0	0.27499999999999997	72.0	250.0	-5.25	0.0006072337774675109	53.0	90.0	0.2	0.9	6.3	3.4000000953674316
2010-12-06	-0.27	-0.0005486273	2.6	1003.1125000000001	85.83333333333333	-0.4958333333333333	16.435185185185187	0.8895833333333334	0.0	72.0	264.0	-5.25	0.001166497265249118	42.0	85.0	0.1	1.7	6.4	2.0
2010-12-20	-0.27	-9.233629e-05	4.175	1000.8291666666668	90.54166666666667	-5.854166666666667	20.25462962962963	0.875	0.26666666666666666	72.0	278.0	-5.25	0.00015245951195963606	40.0	87.0	0.23	2.0	6.4	5.5
2011-01-03	-0.27	-0.00013394273	3.2416666666666667	1020.2125	90.33333333333333	-2.475	19.328703703703706	0.8333333333333334	0.0	62.0	-64.0	-5.25	0.00012290519570703085	41.0	70.0	0.14	1.46	6.5	3.299999952316284
2011-01-17	-0.27	0.00031301627	2.1750000000000003	1023.1333333333333	88.0	3.920833333333333	55.208333333333336	0.46875	0.0	62.0	-50.0	-5.25	0.00010129418534374814	28.0	72.0	0.22	2.1	6.4	2.9000000953674316
2011-01-31	-0.27	0.00041532516	1.2916666666666667	1025.875	94.5	-5.458333333333333	16.550925925925927	1.0	0.0	62.0	-36.0	-5.25	8.500725462009947e-05	24.0	65.0	0.11	1.76	5.5	10.899999618530273
2011-02-14	-0.27	0.00035281977	6.516666666666667	1015.7333333333332	56.5	-0.5291666666666667	51.15740740740741	0.9416666666666668	0.0	62.0	-22.0	-5.25	0.0	30.0	75.0	0.09	1.77	6.4	5.199999809265137
2011-02-28	-0.27	0.00025618076	2.125	1026.425	72.58333333333333	2.6125000000000003	128.81944444444446	0.28750000000000003	0.0	62.0	-8.0	-5.25	0.0001249913625221301	12.0	67.0	0.01	2.16	6.3	30.0
2011-03-14	-0.27	0.000167648	1.325	1014.9499999999999	84.5	9.258333333333333	46.99074074074074	0.94375	0.06666666666666667	62.0	6.0	-5.25	0.0	6.0	55.0	0.01	1.6	5.4	18.299999237060547
2011-03-28	-0.27	-0.003911972	2.676675	1012.4739930555556	64.78281249999999	4.114131944444444	208.27017361111112	0.24583333333333335	0.0	62.0	20.0	-5.25	0.0013992943089163753	6.0	49.0	0.01	1.31	5.5	22.399999618530273
2011-04-04	-5.455	0.12058779	2.8357875000000003	1015.7614583333334	84.2232986111111	10.320763888888889	228.51559027777776	0.875	0.17916666666666667	62.0	27.0	-3.405463534826905	0.21508856311738636	5.0	44.0	0.01	1.1	5.2	23.100000381469727
2011-04-11	-0.27	0.11354077	1.7773500000000002	1017.8674652777778	60.94506944444444	12.084583333333333	248.28701388888888	0.5437500000000001	0.0	62.0	34.0	-5.25	0.049492477575220704	8.0	59.0	0.01	1.0	5.1	23.100000381469727
2011-04-18	-0.545	0.37443122	0.7445625000000001	1022.8545486111111	64.43767361111111	12.134895833333333	267.260625	0.08958333333333333	0.0	62.0	41.0	-3.2329503090978333	1.2199183318243731	4.0	45.0	0.01	0.9	4.3	32.79999923706055
2011-04-25	-0.27	0.004573027	2.2085625	1020.3130208333333	67.35173611111111	13.000763888888889	285.15482638888886	0.5520833333333334	0.0	62.0	48.0	-5.25	0.0007972884343778254	3.0	52.0	0.01	0.52	2.3	50.400001525878906
2011-05-02	-0.27	-0.0028956335	3.685875	1013.1679861111111	68.81809027777778	7.5796874999999995	301.6904513888889	0.8125	0.0	62.0	55.0	-5.25	0.0007052416243939256	3.0	59.0	0.03	0.41	1.5	56.79999923706055
2011-05-09	-0.545	1.0338124	3.625	1028.6666666666667	48.75	16.474999999999998	313.77314814814815	0.13541666666666666	0.0	62.0	62.0	-5.25	4.235086729811368	3.0	44.0	0.03	0.22	1.0	34.5
2011-05-16	-0.27	-4.172325e-05	6.028425000000001	1018.7247222222222	79.99097222222223	12.039131944444444	329.7344791666667	0.8291666666666666	0.041666666666666664	62.0	69.0	-5.25	0.05049970671930046	9.0	42.0	0.11	0.14	0.9	4.599999904632568
2011-05-23	-0.27	-0.0010303656	3.4023375000000002	1023.2870138888889	58.237326388888896	16.451249999999998	307.29840277777777	0.46249999999999997	0.0	62.0	76.0	-5.25	0.1745965542773862	6.0	68.0	0.04	0.16	1.5	32.900001525878906
2011-05-30	-0.545	0.18989754	3.2604375	1014.7423611111111	50.680659722222224	21.95017361111111	349.7058333333334	0.0625	0.0	62.0	83.0	-5.25	0.05244950787609164	16.0	67.0	0.11	0.04	2.5	11.899999618530273
2011-06-06	-4.3548	0.5966125	3.23775	1003.3790972222222	68.30118055555555	22.795486111111114	356.2475	0.5666666666666667	0.075	62.0	90.0	-3.7210798828673566	0.35629389245643034	16.0	64.0	0.07	0.04	3.0	12.899999618530273
2011-06-13	-0.27	0.010110457	3.4722000000000004	1015.2295833333333	52.88520833333333	19.714965277777775	360.3277430555556	0.7083333333333334	0.0	62.0	97.0	-4.392392218172657	0.39737682921172185	56.0	84.0	0.09	0.05	4.6	22.899999618530273
2011-06-20	-0.27	0.010654926	5.672962500000001	1011.1391319444443	71.54399305555556	15.368333333333332	361.8898611111111	0.81875	0.0375	62.0	104.0	-5.25	0.0003770995940223522	79.0	142.0	0.3	0.06	5.9	9.600000381469727
2011-06-27	-0.545	0.39574718	1.7745325	1022.6028472222223	59.17200694444444	20.13083333333333	360.9102083333333	0.23333333333333336	0.0	62.0	111.0	-2.6545516950084034	1.0663470620756963	74.0	135.0	0.13	0.1	6.8	35.099998474121094
2011-07-04	-0.27	0.013887644	3.5026125	1011.5273263888889	98.51645833333333	16.905069444444443	357.41854166666667	1.0	0.6583333333333333	62.0	118.0	-5.25	0.0014599735545792743	82.0	158.0	0.17	0.07	7.4	23.799999237060547
2011-07-11	-5.455	0.1311632	1.8816	1017.7507291666666	79.63	17.706666666666667	351.50621527777776	0.7104166666666667	0.45	62.0	125.0	-5.25	0.21732353811987895	36.0	110.0	0.01	0.0	6.2	46.900001525878906
2011-07-18	-0.27	0.012060404	5.0839125	1003.9252777777778	66.67052083333333	18.683923611111112	343.2913888888889	0.6354166666666666	0.16666666666666666	62.0	132.0	-5.25	0.00040026830296368724	78.0	160.0	0.01	0.01	6.2	25.399999618530273
2011-07-25	-0.27	0.02137653	3.01695	1009.4065625	75.57930555555556	15.328020833333333	332.93159722222225	0.7270833333333333	0.0	62.0	139.0	-5.25	0.000667490570484512	108.0	187.0	0.2	0.04	7.0	11.300000190734863
2011-08-01	-2.787	0.21529897	2.0616075	1016.2008863636364	93.06242803030302	18.041599116161617	320.25457133838387	0.8312499999999999	0.3208333333333333	62.0	146.0	-5.25	0.07486252760531442	109.0	176.0	0.17	0.03	7.4	16.899999618530273
2011-08-08	-0.27	-0.0031251113	5.147625000000001	1004.8985416666666	70.9420138888889	17.309722222222224	306.5105555555556	0.48333333333333334	0.22499999999999998	62.0	153.0	-5.25	0.002411325404940341	73.0	136.0	0.08	0.01	7.3	27.200000762939453
2011-08-15	-0.27	0.011473258	2.87145	1013.2401388888889	74.85364583333333	18.047881944444445	290.85809027777776	0.6541666666666667	0.0	62.0	160.0	-5.25	0.00801316755561223	87.0	162.0	0.07	0.1	7.3	34.79999923706055
2011-08-22	-0.27	0.020504316	2.989875	1016.8722222222223	65.34458333333333	20.991215277777776	273.875	0.5479166666666667	0.0	62.0	167.0	-4.3040868369097876	0.24054386012273754	65.0	142.0	0.05	0.04	7.7	52.099998474121094
2011-08-29	-0.27	-0.002940019	5.618775	1013.3377777777778	66.22631944444444	15.822048611111112	255.7994097222222	0.6895833333333333	0.008333333333333333	62.0	174.0	-5.25	0.0014910544195303444	94.0	177.0	0.11	0.03	8.1	47.70000076293945
2011-09-05	-4.4666	0.11370953	3.1001125000000003	1011.3649999999999	92.37819444444445	18.239340277777778	234.95466435185185	0.8541666666666666	0.5708333333333333	62.0	181.0	-3.916754783503857	0.37257577449363954	70.0	150.0	0.04	0.01	6.9	58.5
2011-09-12	-0.27	-0.0010155042	6.055575	1010.4617708333334	71.84840277777778	17.32704861111111	217.4064236111111	0.5833333333333334	0.0	62.0	188.0	-5.25	0.16100205495557854	78.0	159.0	0.01	0.03	6.5	67.0999984741211
2011-09-19	-0.27	0.016436657	2.4871875	1012.7991319444444	78.66961805555555	13.502361111111112	197.6550347222222	0.8458333333333333	0.0	62.0	195.0	-5.25	0.02278348492394355	72.0	140.0	0.01	0.04	4.7	46.900001525878906
2011-09-26	-0.545	0.12864526	1.1699625	1023.4090972222222	79.96107638888888	16.06833333333333	177.93458333333334	0.49583333333333335	0.0	62.0	202.0	-5.25	0.4880071337780902	69.0	116.0	0.01	0.01	4.2	29.799999237060547
2011-10-03	-0.27	0.0005905628	2.6666666666666665	1020.2166666666667	76.58333333333333	17.1875	129.86111111111111	0.5	0.0	62.0	209.0	-5.043132023983241	0.3221826345419482	62.0	114.0	0.03	0.02	4.5	22.700000762939453
2011-10-10	-0.27	0.000613451	6.8701875	1009.9119791666667	98.67576388888888	12.398020833333334	139.8732986111111	1.0	0.22083333333333333	62.0	216.0	-5.25	0.00024250155894826547	95.0	156.0	0.11	0.09	5.5	21.299999237060547
2011-10-17	-0.27	-0.0015244087	3.033375	1022.1661111111111	73.69413194444444	9.18326388888889	122.16413194444443	0.15208333333333332	0.0	62.0	223.0	-5.25	0.0016399195904248875	96.0	138.0	0.1	0.16	5.5	21.100000381469727
2011-10-24	-0.27	-0.0001963377	7.075762500000001	1021.105	91.22701388888889	7.282395833333333	105.73694444444443	0.8166666666666668	0.0	62.0	230.0	-5.25	0.00021526063230570454	87.0	128.0	0.09	0.2	5.6	18.100000381469727
2011-10-31	-0.27	0.05145709	0.753375	1021.901875	95.47618055555556	10.807430555555555	90.84284722222223	0.6687500000000001	0.0	62.0	237.0	-1.8574363677932868	0.10467117977512017	75.0	118.0	0.01	0.18	5.7	34.20000076293945
2011-11-07	-0.27	0.0027571917	1.3075500000000002	1021.2548958333333	86.8548263888889	7.612951388888888	77.70072916666666	0.12291666666666667	0.0	62.0	244.0	-5.25	0.0040019311633506	68.0	114.0	0.03	0.24	6.1	24.100000381469727
2011-11-21	-0.27	-0.0014879802	2.53935	1021.7815625	89.23857638888889	1.5140277777777778	57.15555555555556	0.28750000000000003	0.0	62.0	258.0	-5.25	0.0019875418432690173	60.0	98.0	0.03	0.22	6.3	15.800000190734863
2011-12-05	-0.27	-0.00068413216	6.769575000000001	995.9654166666666	77.71302083333333	4.506875	44.475208333333335	0.7833333333333333	0.10833333333333334	62.0	272.0	-5.25	0.00013347847756886577	50.0	82.0	0.01	0.3	6.7	17.100000381469727
2011-12-19	-0.27	-0.00089132786	5.932125	1013.6555555555556	81.28694444444444	2.3847916666666666	39.29524305555555	0.8916666666666666	0.0	62.0	286.0	-5.25	0.0	43.0	64.0	0.01	0.41	7.0	12.90678596496582
2012-01-02	-0.27	0.0012292365	4.8000750000000005	1006.7113541666666	91.67538194444444	8.350208333333333	41.27319444444444	0.9375	0.27499999999999997	14.0	-50.0	-5.25	8.352538307686626e-05	38.0	58.0	0.01	0.52	7.1	7.599999904632568
2012-01-16	-0.27	1.07387705e-05	2.6984250000000003	1025.023888888889	94.44222222222221	1.0096433080808083	50.64756944444445	0.975	0.05000000000000001	14.0	-36.0	-5.25	0.008311985099600669	36.0	52.0	0.03	0.66	6.9	6.300000190734863
2012-01-30	-0.27	0.003997127	5.979166666666667	1034.8458333333333	56.333333333333336	-6.008333333333333	76.3888888888889	0.26875	0.0	14.0	-22.0	-5.25	0.0010151403469677992	34.0	57.0	0.05	1.0	7.7	7.099999904632568
2012-02-13	-0.27	0.0026429892	2.858333333333334	1019.8874999999999	86.58333333333333	-1.9041666666666668	18.171296296296298	0.93125	0.004166666666666667	14.0	-8.0	-5.25	0.0021723500073884913	25.0	55.0	0.06	1.1	7.7	16.200000762939453
2012-02-27	-0.27	0.0015060505	2.891666666666667	1023.4125	80.66666666666667	0.7333333333333334	90.97222222222223	0.6604166666666667	0.06666666666666667	14.0	6.0	-5.25	0.0011278805265402092	14.0	55.0	0.04	1.28	7.2	15.399999618530273
2012-03-12	-0.27	0.0007380247	3.6182625	1024.8160763888889	85.10006944444444	7.336666666666666	164.1655902777778	0.94375	0.016666666666666666	14.0	20.0	-5.25	0.00030158017046449085	7.0	53.0	0.01	1.23	7.1	23.399999618530273
2012-03-26	-0.27	0.046811897	1.2949875000000002	1033.5322569444445	62.40100694444445	6.8890625000000005	204.8159722222222	0.22291666666666665	0.0	14.0	34.0	-5.25	0.13386732668760654	2.0	57.0	0.01	1.06	6.1	40.5
2012-04-02	-0.27	0.001654605	5.667112500000001	1007.1912152777778	61.34652777777777	5.341909722222222	224.92548611111113	0.8416666666666667	0.024999999999999998	14.0	41.0	-5.25	6.0023425557238995e-05	4.0	80.0	0.01	0.92	5.7	40.20000076293945
2012-04-09	-0.27	0.00021513303	5.645437500000001	1006.5695833333334	52.98694444444445	5.944930555555556	244.80184027777776	0.7916666666666666	0.0	14.0	48.0	-5.25	0.0004435592590824643	4.0	61.0	0.01	0.73	5.3	46.79999923706055
2012-04-16	-0.27	-0.0026857455	4.303050000000001	1013.5085069444444	49.558125	6.492256944444445	263.94614583333333	0.625	0.0	14.0	55.0	-5.25	0.0002823264278036553	2.0	58.0	0.01	0.59	4.5	49.79999923706055
2012-04-23	-0.27	-0.0009945234	3.8637750000000004	1005.5002083333334	64.35975694444444	9.0484375	282.0504513888889	0.3979166666666667	0.0	14.0	62.0	-5.25	0.0010788669290601913	4.0	59.0	0.01	0.35	3.7	60.29999923706055
2012-04-30	-3.2657	0.83156705	3.1783125	1015.9671875	61.73430555555556	16.378993055555554	298.84947916666664	0.7541666666666668	0.0	14.0	69.0	-2.5949851199382876	0.47711350430648897	2.0	68.0	0.01	0.01	3.0	55.20000076293945
2012-05-07	-0.27	0.013735692	1.8147375000000003	1018.1594444444445	71.11638888888889	10.427326388888888	314.08368055555553	0.8083333333333332	0.008333333333333333	14.0	76.0	-5.25	0.005737928530972484	2.0	59.0	0.01	0.0	3.0	42.599998474121094
2012-05-14	-0.27	-0.002809763	3.420296590909091	1020.9726799242425	59.548532196969695	11.805195707070707	327.6665688131313	0.38958333333333334	0.0	14.0	83.0	-5.25	0.00593529163556008	3.0	62.0	0.06	0.03	3.8	28.600000381469727
2012-05-21	-0.27	0.0371778	5.16885	1003.9630555555556	46.826875	21.368958333333335	338.9973958333333	0.7729166666666667	0.0	14.0	90.0	-5.16612036141383	0.17684438494549332	5.0	62.0	0.01	0.04	4.2	33.5
2012-05-28	-2.1662	0.40425548	1.6009125	1012.9384375	50.628819444444446	18.42385416666667	348.2859375	0.5208333333333334	0.0	14.0	97.0	-1.6976904729976314	0.3282442032410846	5.0	69.0	0.01	0.0	4.7	37.79999923706055
2012-06-04	-0.27	-0.0016532739	3.3042000000000002	1009.6142708333333	70.30378472222222	11.85142361111111	355.25371527777776	0.84375	0.04583333333333334	14.0	104.0	-5.25	0.02005493938231262	30.0	98.0	0.07	0.03	5.7	38.599998474121094
2012-06-11	-0.545	0.26049772	1.5042	1004.8065277777778	50.02965277777778	18.00465277777778	359.78288194444445	0.5833333333333334	0.0	14.0	111.0	-5.25	0.3713620462024948	31.0	96.0	0.01	0.0	6.3	44.20000076293945
2012-06-18	-0.27	0.015610059	4.675205357142858	1016.486498015873	61.15572420634921	20.658382936507937	361.7987152777778	0.3354166666666667	0.4375	14.0	118.0	-5.25	0.001225606959895969	40.0	104.0	0.01	0.0	7.1	39.70000076293945
2012-06-25	-0.27	-0.0016373793	8.1285375	1009.6106249999999	71.4342013888889	15.065937499999999	361.26909722222223	0.7520833333333333	0.15416666666666667	14.0	125.0	-5.25	0.000352952116498877	57.0	133.0	0.01	0.0	8.1	44.70000076293945
2012-07-02	-1.9224	0.94927144	2.0747291666666667	1020.7209722222223	60.0646875	18.6090625	319.6664930555556	0.6291666666666667	0.05833333333333334	14.0	132.0	-1.0194405933820083	1.8598614898794705	47.0	121.0	0.01	0.0	9.0	39.599998474121094
2012-07-09	-5.455	0.10558677	4.9611375	1010.9120486111111	61.48434027777778	20.286493055555557	352.7347916666667	0.5708333333333333	0.0	14.0	139.0	-4.676932233847002	0.8662770712402879	35.0	96.0	0.01	0.0	8.7	23.299999237060547
2012-07-16	-0.27	-0.0018103918	4.796625	1019.0958680555556	73.26163194444445	15.575486111111111	344.9210763888889	0.84375	0.17916666666666667	14.0	146.0	-5.25	0.002171500925388927	74.0	146.0	0.08	0.04	9.0	26.799999237060547
2012-07-23	-1.2192	0.21482563	1.3110000000000002	1028.1476388888889	59.783680555555556	18.397187499999998	334.93364583333334	0.43333333333333335	0.0	14.0	153.0	-5.25	0.2220053206755781	72.0	125.0	0.01	0.09	9.1	40.20000076293945
2012-07-30	-5.455	0.17689379	4.08495	1016.2478472222223	58.42065972222222	18.39642361111111	322.94277777777774	0.55625	0.0	14.0	160.0	-3.7435142949614675	0.6564380996546997	45.0	96.0	0.06	0.01	8.5	27.299999237060547
2012-08-06	-0.27	0.022445122	4.3434	1009.9166319444445	70.76326388888889	20.511875	309.14743055555556	0.8104166666666667	0.0	14.0	167.0	-4.588667692595204	0.4403765324578287	33.0	93.0	0.01	0.0	8.1	26.399999618530273
2012-08-13	-0.27	0.011908054	2.2762125	1018.8354861111111	60.26326388888889	16.227777777777778	293.75618055555555	0.29375	0.0	14.0	174.0	-5.25	0.009236733198234589	85.0	167.0	0.01	0.03	9.1	47.400001525878906
2012-08-20	-1.3933	0.70616317	1.4569943181818183	1016.1701546717172	63.128062920875415	25.39432765151515	277.5996243686869	0.5375	0.004166666666666667	14.0	181.0	-1.390847907829978	0.6532331463548972	69.0	126.0	0.01	0.0	9.0	33.20000076293945
2012-08-27	-0.27	-0.00037813187	3.5551125000000003	1019.2867708333333	63.60045138888889	16.194861111111113	259.09375	0.48333333333333334	0.0	14.0	188.0	-5.25	0.0010291196142019564	113.0	202.0	0.06	0.03	9.5	44.70000076293945
2012-09-03	-0.27	0.06409216	1.35315	1023.3722222222223	70.43489583333333	17.396284722222223	240.3129861111111	0.5458333333333333	0.0	14.0	195.0	-5.1237133763014695	0.7239204667800506	116.0	201.0	0.01	0.02	10.2	50.70000076293945
2012-09-10	-0.545	0.14409916	1.3785375000000002	1014.5712152777778	67.37086805555556	20.74607638888889	220.9096875	0.4895833333333333	0.0	14.0	202.0	-5.25	0.21737391875586873	138.0	197.0	0.14	0.06	10.5	27.100000381469727
2012-09-17	-0.27	0.04664715	2.172525	1013.2192708333333	70.67947916666667	16.75982638888889	201.1886111111111	0.55625	0.0	14.0	209.0	-5.25	0.004167831221934614	131.0	198.0	0.05	0.08	10.4	33.900001525878906
2012-09-24	-0.27	-0.0030589502	5.11455	1003.6568055555555	63.46072916666666	13.977152777777777	181.4388541666667	0.8833333333333333	0.008333333333333333	14.0	216.0	-5.25	0.0012124766984574985	126.0	180.0	0.04	0.07	10.1	42.0
2012-10-01	-0.545	0.07642201	1.0824	1017.5896180555555	78.22215277777778	12.392569444444446	161.98378472222223	0.7541666666666668	0.0	14.0	223.0	-5.25	0.03192663463633648	104.0	166.0	0.01	0.04	9.6	36.79999923706055
2012-10-08	-0.27	-0.003209551	4.647825	1017.2811805555556	75.61093749999999	10.311076388888889	143.14788194444444	0.6791666666666667	0.0	14.0	230.0	-5.25	0.00038185790230962615	112.0	164.0	0.04	0.07	9.2	31.299999237060547
2012-10-15	-0.27	-0.0020674467	3.9697708333333335	1003.4794097222222	83.28631944444444	9.79079861111111	121.3104513888889	0.7166666666666667	0.004166666666666667	14.0	237.0	-5.25	0.0024254372280080815	103.0	160.0	0.01	0.08	9.2	36.29999923706055
2012-10-22	-0.27	0.011437297	2.5107375000000003	1025.101111111111	95.6717361111111	12.50628472222222	108.56086805555555	0.99375	0.0	14.0	244.0	-4.518112675717224	0.09557070424545382	84.0	144.0	0.01	0.01	9.2	34.099998474121094
2012-10-29	-0.27	-0.002848943	3.3271125	1014.7169097222222	80.654375	2.331076388888889	93.38277777777779	0.4791666666666667	0.0	14.0	251.0	-5.25	0.011173963660800708	79.0	117.0	0.04	0.07	9.4	4.5
2012-11-05	-0.27	-0.000944833	5.2851375	998.9564236111111	82.81354166666667	8.031701388888889	79.91027777777778	0.85	0.0	14.0	258.0	-5.25	0.0001744304804719256	71.0	93.0	0.01	0.16	9.2	10.100000381469727
2012-11-19	-0.27	0.00027130047	2.38605	1020.6503124999999	99.31965277777779	6.134166666666666	58.66545138888889	0.9562499999999999	0.0	14.0	272.0	-5.25	0.0023023534286293595	62.0	81.0	0.01	0.24	8.7	7.5
2012-12-03	-0.27	-0.001606971	3.3958875	1011.3777430555556	81.05541666666666	0.4864583333333334	45.296145833333334	0.7999999999999999	0.0	14.0	286.0	-5.25	0.0005811559111864292	52.0	74.0	0.01	0.32	8.3	8.399999618530273
2012-12-17	-1.1643	-0.37644666	1.5	1007.4041666666667	98.58333333333333	2.733333333333333	21.412037037037038	0.8270833333333334	0.012500000000000002	14.0	300.0	-1.5535131198134742	1.0978425442724302	46.0	63.0	0.01	0.41	8.2	5.400000095367432
2013-01-07	-1.1482	-0.31110382	2.6458333333333335	1027.2958333333333	96.375	3.3125	10.763888888888888	1.0	0.0	33.0	-48.0	-1.517081431476824	0.6893868837513467	38.0	55.0	0.14	0.79	7.3	3.700000047683716
2013-01-21	-0.545	-0.15887542	5.395833333333333	1004.3291666666668	87.04166666666667	-4.954166666666667	16.203703703703702	1.0	0.09583333333333333	33.0	-34.0	-5.25	1.170185843765495	24.0	61.0	0.13	1.94	6.6	3.200000047683716
2013-02-04	-0.545	-0.10848022	5.654166666666666	1003.0375	93.08333333333333	2.8958333333333335	18.86574074074074	0.7354166666666666	0.1875	33.0	-20.0	-5.239210918782918	0.5775578395321334	30.0	54.0	0.06	0.83	7.0	6.199999809265137
2013-02-18	-0.27	-0.0074132583	2.3625000000000003	1022.0708333333333	84.375	0.23750000000000002	26.15740740740741	0.99375	0.008333333333333333	33.0	-6.0	-5.25	0.04134259854201417	16.0	52.0	0.015	1.37	6.7	16.0
2013-03-04	-0.27	0.036412228	2.025	1023.4	74.0	1.8416666666666668	148.49537037037038	0.06666666666666667	0.0	33.0	8.0	-5.247210498299376	0.007363849839749644	6.0	48.0	0.015	1.38	6.4	
2013-03-18	-0.27	0.0002550731	6.9033375	1000.5823263888889	55.00159722222222	0.06270833333333331	180.36503472222225	1.0	0.012500000000000002	33.0	22.0	-5.25	5.402896921217695e-05	6.0	45.0	0.015	1.34	5.7	19.799999237060547
2013-04-02	-0.27	0.0007946889	2.724225	1016.3718749999999	67.48225694444444	-0.5399652777777778	223.95541666666668	0.6875	0.0	33.0	37.0	-5.25	0.011789654076963505	5.0	39.0	0.04	1.17	5.7	25.0
2013-04-08	-0.27	0.0017783543	2.4371250000000004	1012.1926736111112	60.50802083333334	3.1296180555555555	241.06770833333334	0.60625	0.0	33.0	43.0	-5.25	0.020750650074605206	5.0	45.0	0.015	1.12	5.5	23.100000381469727
2013-04-15	-0.27	0.02111574	4.8820125	1021.8419444444444	49.029409722222226	13.6034375	260.3907638888889	0.5499999999999999	0.0	33.0	50.0	-5.25	0.015442814734683829	1.5	44.0	0.015	0.98	5.1	26.899999618530273
2013-04-22	-0.545	0.1986639	1.7784375000000001	1014.7323611111111	54.74243055555556	11.74638888888889	278.71791666666667	0.5520833333333334	0.0	33.0	57.0	-5.25	0.02311055480145775	3.0	41.0	0.015	0.83	4.3	24.899999618530273
2013-04-29	-0.27	0.0145510435	4.4626875	1015.9235069444444	59.7678125	10.96326388888889	295.7839583333334	0.7708333333333334	0.0	33.0	64.0	-5.25	0.24465027981907342	3.0	42.0	0.015	0.61		33.8
2013-05-06	-4.8544	0.3003364	3.1572750000000003	1021.8397569444445	58.135729166666664	15.048506944444446	311.3414236111111	0.5354166666666667	0.0	33.0	71.0	-1.873340666416709	0.34409810082024395	4.0	40.0	0.015	0.31		45.7
2013-05-13	-0.27	-0.0012032589	5.160825	1013.9525	67.72565972222222	11.214687500000002	325.13854166666664	0.40625	0.0	33.0	78.0	-5.25	0.0268725056339242	4.0	43.0	0.015	0.18		22.9
2013-05-21	-0.27	-0.0020413399	4.7719125	1009.1679861111111	66.07645833333333	13.981006944444445	338.5164236111111	0.6833333333333332	0.0	33.0	86.0	-5.25	0.0008686215458881608	4.0	44.0	0.015	0.15		25.7
2013-05-27	-0.27	0.076802336	2.8242	1006.2239236111112	64.76479166666667	13.000972222222222	346.70371527777775	0.7291666666666666	0.0	33.0	92.0	-5.25	0.006735802698483136	11.0	47.0	0.09	0.17	2.8	11.600000381469727
2013-06-03	-0.27	-0.0011746088	4.11225	1019.9205208333333	59.824999999999996	13.997291666666667	354.0943055555556	0.8208333333333333	0.03333333333333333	33.0	99.0	-5.25	0.0013230868172776145	12.0	58.0	0.06	0.17	3.4	16.5
2013-06-10	-3.2326	0.77397627	3.0163766666666665	1009.6672986111112	58.42090972222223	16.654631944444443	346.70505787037035	0.7145833333333332	0.08750000000000001	33.0	106.0	-2.5218756930432176	0.7571017712089828	6.0	65.0	0.015	0.12		19.8
2013-06-17	-0.545	0.16830213	1.9502250000000003	1017.3764930555554	49.26965277777777	20.5325	361.5461111111111	0.6895833333333333	0.0	33.0	113.0	-5.25	0.04285477213625292	7.0	63.0	0.06	0.09		29.6
2013-06-24	-0.27	0.043708164	2.4787500000000002	1016.9195833333333	58.39284722222222	18.82423611111111	361.4873958333333	0.8541666666666666	0.0	33.0	120.0	-5.25	0.005889266047497008	5.0	59.0	0.015	0.15		45.1
2013-07-01	-0.27	0.010051887	4.1434125	1015.7585069444444	71.18934027777777	18.746354166666666	358.8824305555556	0.7687499999999999	0.4000000000000001	33.0	127.0	-5.25	0.0002634857729072481	24.0	74.0	0.05	0.18	4.1	34.79999923706055
2013-07-08	-3.6239	0.38808617	1.5987	1029.5426041666667	60.261493055555555	20.71361111111111	353.8110763888889	0.07916666666666668	0.0	33.0	134.0	-3.241470238695223	1.0253085190307893	5.0	54.0	0.015	0.02		32.8
2013-07-15	-0.27	0.0007724762	2.6104875	1020.7960416666666	62.427256944444444	17.82361111111111	346.39993055555556	0.4604166666666667	0.0	33.0	141.0	-5.25	0.0015119845399171378	26.0	81.0	0.06	0.08	3.7	24.899999618530273
2013-07-22	-0.545	0.33194304	1.3588500000000001	1017.4629861111111	48.02628472222222	23.969583333333333	336.75791666666663	0.23124999999999998	0.0	33.0	148.0	-0.9340280291813441	0.5967139168129107	7.0	72.0	0.015	0.005		20.0
2013-07-29	-2.7841	0.8914118	2.2937250000000002	1012.8720833333333	86.34284722222223	22.1628125	325.0909722222222	0.8666666666666667	1.1875	33.0	155.0	-2.146667150045506	0.8650166842663781	14.0	91.0	0.015	0.02		12.1
2013-08-05	-3.6666	0.41050076	2.027925	1019.3299305555556	73.89093749999999	21.961354166666666	311.59038194444446	0.5729166666666666	0.0	33.0	162.0	-3.090543859436778	1.036878531450877	38.0	125.0	0.015	0.005		9.1
2013-08-12	-0.27	-0.0034601688	3.5011500000000004	1014.7318402777778	69.49430555555556	18.034305555555555	296.4613194444444	0.8041666666666667	0.125	33.0	169.0	-5.25	0.0031392072435762063	72.0	162.0	0.11	0.005	4.1	12.209256172180176
2013-08-19	-0.27	0.09759498	2.4101125000000003	1014.8926736111111	86.95479166666667	18.419930555555556	278.37981481481484	0.8958333333333334	0.10000000000000002	33.0	176.0	-5.25	0.005892340813771658	44.0	123.0	0.05	0.02	4.7	52.20000076293945
2013-08-26	-0.27	-0.002732277	4.643325	1018.4024305555555	51.018576388888896	16.98607638888889	262.1580902777778	0.39375	0.0	33.0	183.0	-5.25	0.0016050613518737932	44.0	117.0	0.015	0.02	2.4	50.70000076293945
2013-09-02	-0.27	0.012359778	7.624350000000001	1016.7473958333334	83.75899305555556	15.244409722222223	243.49993055555555	0.9229166666666666	0.13333333333333333	33.0	190.0	-5.25	0.0007429180123553428	38.0	130.0	0.015	0.01	3.5	66.69999694824219
2013-09-09	-0.27	-0.002871434	3.707475	1014.1692013888888	85.3542013888889	14.073055555555555	224.18270833333335	0.7520833333333333	0.4791666666666667	33.0	197.0	-5.25	0.0008555583893169404	36.0	116.0	0.015	0.01		52.2
2013-09-16	-0.27	-0.0027817886	4.167862500000001	1001.3242013888889	83.81531249999999	13.881736111111111	204.4555902777778	0.9187500000000001	0.04583333333333334	33.0	204.0	-5.25	0.0013251505750906444	68.0	124.0	0.15	0.04	2.4	9.5
2013-09-23	-0.27	0.00039958954	5.604333333333334	1018.4340625	78.89923611111111	16.039583333333333	170.3954513888889	0.9145833333333333	0.0	33.0	211.0	-5.25	0.00017673841860651795	83.0	146.0	0.32	0.08	2.7	7.400000095367432
2013-09-30	-0.27	-0.0038511753	4.659937500000001	1017.4625	69.53871527777778	9.0415625	165.16364583333333	0.32708333333333334	0.0	33.0	218.0	-5.25	0.0020032397943105643	80.0	120.0	0.33	0.17	3.4	9.5
2013-10-07	-0.8334	0.27753153	0.48813750000000006	1027.5375000000001	89.14392361111112	13.233229166666666	146.16409722222224	0.9208333333333334	0.0	33.0	225.0	-5.25	9.540033277743936	67.0	93.0	0.3	0.24	3.8	7.800000190734863
2013-10-14	-0.27	-0.0010707775	2.638792261904762	1019.8745023148148	79.32336970899472	9.161691468253968	128.18832837301588	0.6395833333333333	0.0	33.0	232.0	-5.25	0.003957843293480731	61.0	93.0	0.33	0.29	4.2	8.600000381469727
2013-10-21	-0.27	0.0032386382	3.7051125000000003	1014.8978125	82.22760416666667	13.746493055555556	111.43743055555557	0.7583333333333333	0.0	33.0	239.0	-5.25	0.009479961259648787	57.0	73.0	0.23	0.35	4.6	8.100000381469727
2013-10-28	-0.27	-0.0009722312	8.466637500000001	1000.8729513888889	65.15081597222222	14.613784722222222	95.99019097222221	0.7291666666666666	0.041666666666666664	33.0	246.0	-5.25	0.00010266211709291174	49.0	78.0	0.18	0.4	4.9	11.0
2013-11-04	-0.27	-0.00094564754	7.7103	992.7119444444444	77.22010416666667	8.934861111111111	82.18284722222224	0.7999999999999999	0.07916666666666666	33.0	253.0	-5.25	0.00016496824016542597	48.0	83.0	0.015	0.16	5.1	3.5
2013-11-18	-0.27	0.00079669553	3.5541666666666667	1013.5833333333334	88.79166666666667	5.3875	8.101851851851853	0.9625	0.004166666666666667	33.0	267.0	-5.25	0.0	162.0	182.0	0.22	0.55	5.5	2.5999999046325684
2013-12-02	-0.27	-0.0009546876	1.631175	1034.6799305555555	91.04670138888889	2.597986111111111	46.171076388888885	0.53125	0.0	33.0	281.0	-5.25	0.0005263707769974921	45.0	60.0	0.17	0.62	6.0	2.0
2013-12-16	-0.27	-0.011151165	2.9508000000000005	1026.718472222222	69.97649305555555	4.563472222222223	39.69677083333333	0.5020833333333333	0.0	33.0	295.0	-5.25	0.00021617327620986556	38.0	55.0	0.2	0.68	6.2	1.399999976158142
2014-01-06	-0.27	0.0014316043	3.0855	1011.8259217171717	89.04331755050505	4.031426767676767	43.55973169191919	0.6062500000000001	0.09999999999999999	16.0	-36.0	-5.25	0.0008642204249282951	32.0	50.0	0.16	0.8	6.6	2.799999952316284
2014-01-20	-0.27	-0.0027380984	4.6833	1008.5761458333333	97.628125	-2.397291666666667	55.33090277777777	1.0	0.004166666666666667	16.0	-22.0	-5.25	0.00012740608730325682	29.0	43.0	0.1	0.77	6.5	2.9000000953674316
2014-02-03	-0.27	0.0007642408	3.529166666666667	1017.725	88.625	1.4333333333333333	34.14351851851852	0.725	0.0	16.0	-8.0	-5.25	0.00016983774125990314	26.0	34.0	0.08	0.9	6.6	2.700000047683716
2014-02-17	-0.27	0.0062639513	3.920833333333333	1014.8458333333333	75.75	4.954166666666667	94.67592592592592	0.5812499999999999	0.0	16.0	6.0	-5.25	0.0008345137465714929	13.0	34.0	0.04	0.83	6.4	15.100000381469727
2014-03-03	-0.27	0.0007224083	4.81395	998.5260763888888	74.61177083333332	4.807638888888889	137.99305555555554	0.35625	0.0	16.0	20.0	-5.25	0.00036704093467005686	3.0	27.0	0.015	0.73	5.8	16.399999618530273
2014-03-17	-0.27	0.00047701597	7.8533625	1012.6236458333333	72.92173611111112	9.731701388888888	177.02916666666667	0.9625	0.0	16.0	34.0	-5.25	2.8584146105789796e-05	3.0	26.0	0.03	0.59	6.9	6.699999809265137
2014-03-31	-1.0713	0.3119352	1.1916675	1013.9166875	66.6980138888889	9.586770833333334	190.97265277777777	0.7208333333333333	0.0	16.0	48.0	-1.8139585353112748	0.4389986812729728	4.0	34.0	0.08	0.43	4.9	12.699999809265137
2014-04-07	-3.2401	0.42778853	2.2140375000000003	1015.7379166666666	78.64163194444444	14.127118055555556	237.7707986111111	0.8250000000000001	0.049999999999999996	16.0	55.0	-1.9891035733808289	0.16311826777551036	1.5	41.0	0.015	0.31	5.3	13.600000381469727
2014-04-14	-0.27	-0.0019370714	6.207787500000001	1008.0256944444445	69.36902777777777	7.8592361111111115	257.20229166666667	0.7229166666666668	0.28750000000000003	16.0	62.0	-5.25	0.00021852577249320014	5.0	34.0	0.015	0.24	4.5	13.199999809265137
2014-04-22	-1.0776	0.25635266	1.5157125	1011.8664930555556	78.29260416666666	14.430868055555555	278.2770486111111	0.7416666666666667	0.020833333333333332	16.0	70.0	-5.25	0.037332036457674946	1.5	65.0	0.015	0.15	4.2	19.399999618530273
2014-04-28	-0.27	0.018490553	3.0962625	1010.4615972222223	65.80729166666667	14.594826388888889	293.01451388888887	0.3520833333333333	0.0	16.0	76.0	-5.25	0.000763846493248423	3.0	30.0	0.015	0.13	3.8	4.800000190734863
2014-05-05	-0.27	0.059310395	1.5177000000000003	1019.4256944444445	66.17052083333333	9.656909722222222	308.8365277777778	0.6166666666666666	0.0	16.0	83.0	-5.25	0.07378663895212012	17.0	40.0	0.11	0.11	3.8	2.200000047683716
2014-05-12	-0.27	-0.0011336008	6.6790125	1006.5803124999999	73.34652777777778	11.69951388888889	322.9581944444445	0.7791666666666667	0.04583333333333334	16.0	90.0	-5.25	0.0001932033992516154	25.0	48.0	0.08	0.13	3.9	4.0
2014-05-19	-4.5073	0.21846561	2.2567875	1011.4179513888889	80.68194444444444	14.347569444444444	335.15090277777773	0.6166666666666667	0.0	16.0	97.0	-3.4903797663602267	0.2818253551824282	26.0	43.0	0.22	0.17	3.5	6.300000190734863
2014-05-26	-5.455	0.39965343	3.6640530303030303	1017.420494949495	57.114715277777776	19.33489015151515	346.9281200396826	0.5583333333333333	0.0	16.0	104.0	-3.5026699281251776	1.8900691155753049	4.0	44.0	0.015	0.01		25.4
2014-06-02	-0.27	0.018770853	2.226173863636364	1018.8763236531986	62.25548716329967	14.116781355218855	356.6566035353535	0.59375	0.0	16.0	111.0	-5.25	0.0	9.0	48.0	0.015	0.09		22.8
2014-06-10	-3.3736	1.117738	2.8118602272727276	1018.8499211910774	66.16291372053873	24.332398253367003	359.46577083333335	0.7374999999999999	0.0	16.0	119.0	-2.7395698667833175	0.4405943709315207	6.0	36.0	0.015	0.005		11.3
2014-06-16	-0.27	0.06428655	1.91565	1018.3518402777777	55.597430555555555	16.270902777777778	361.3643402777778	0.56875	0.0	16.0	125.0	-5.25	0.6894232457115941	6.0	38.0	0.015	0.005		20.9
2014-06-23	-0.27	-0.0005682309	3.8647875000000003	1018.8602430555555	55.08725694444445	14.368472222222223	361.75663194444445	0.5625	0.0	16.0	132.0	-5.25	0.0018396098268090226	25.0	68.0	0.03	0.02	3.6	19.700000762939453
2014-06-30	-0.27	-0.0026323795	2.877675	1011.7543055555556	70.0801388888889	16.13	359.5996875	0.81875	0.08750000000000001	16.0	139.0	-5.25	0.010090787033950957	16.0	54.0	0.015	0.005		15.8
2014-07-07	-3.3395	0.8437261	3.0049875000000004	1014.3998958333333	72.90385416666668	21.771597222222223	354.96583333333336	0.6083333333333333	0.03333333333333333	16.0	146.0	-2.14865077442584	0.6362454022502583	17.0	50.0	0.015	0.005		10.0
2014-07-14	-0.27	-0.00014177959	3.9643875000000004	1010.5744097222223	75.70520833333333	19.90798611111111	347.9735069444444	0.7770833333333332	0.004166666666666667	16.0	153.0	-5.25	0.004461121571721568	24.0	58.0	0.03	0.005		19.0
2014-07-21	-4.5336	0.32769465	4.1975625	1010.0715972222223	56.30111111111111	24.31923611111111	338.7437847222222	0.65	0.0	16.0	160.0	-3.2637644222406363	0.43395130256332654	13.0	50.0	0.04	0.005		14.4
2014-07-28	-2.7226	0.466506	1.7200500000000003	1012.1521875	77.62059027777778	22.579062500000003	327.4417013888889	0.8562500000000001	0.15	16.0	167.0	-2.181659002333711	0.559643725915003	21.0	65.0	0.03	0.02		32.5
2014-08-04	-0.27	0.030346155	2.0761329545454545	1013.7864236111112	84.14410984848485	20.432780934343434	314.20996212121213	0.8333333333333334	0.20833333333333334	16.0	174.0	-5.25	0.18877772988793912	15.0	58.0	0.06	0.01		17.6
2014-08-11	-0.27	-0.0047744117	4.6635	1010.2144791666666	59.73972222222222	20.48263888888889	299.4204513888889	0.6541666666666667	0.008333333333333333	16.0	181.0	-5.25	0.0026545024294048446	39.0	90.0	0.1	0.02	4.4	34.099998474121094
2014-08-18	-0.27	-0.0025068123	8.0167125	1004.5829166666667	58.508472222222224	17.34013888888889	283.1351736111111	0.6208333333333333	0.029166666666666664	16.0	188.0	-5.25	0.0006258139096030228	55.0	108.0	0.06	0.05	4.2	34.29999923706055
2014-08-25	-0.27	0.0076221623	4.33335	1014.5273611111111	67.14354166666666	14.336041666666667	265.6154861111111	0.5708333333333333	0.004166666666666667	16.0	195.0	-5.25	0.0019254112748101125	56.0	105.0	0.04	0.01	3.9	22.0
2014-09-01	-4.4715	0.28178048	1.4851125000000003	1016.8415972222223	91.88697916666666	14.737743055555555	247.09024305555556	0.9625	0.11666666666666665	16.0	202.0	-3.115644501239293	1.5259601524716513	55.0	96.0	0.06	0.01	4.1	12.100000381469727
2014-09-08	-1.6644	0.26579046	1.14225	1015.8226736111111	72.33600694444443	19.07	227.8876388888889	0.6541666666666667	0.0	16.0	209.0	-1.1451739785608244	0.43035456175407677	58.0	104.0	0.06	0.03		11.2
2014-09-15	-0.27	-0.001609087	3.7323375000000003	1019.4226388888889	58.440243055555555	19.82548611111111	208.25538194444445	0.5625	0.029166666666666664	16.0	216.0	-5.25	0.1665242978420201	78.0	118.0	0.19	0.07	5.2	6.699999809265137
2014-09-22	-0.27	-0.003906091	5.2030875	1010.4491666666667	77.74378472222223	12.198819444444444	188.47406249999997	0.8354166666666667	0.06666666666666667	16.0	223.0	-5.25	0.017942695396451307	86.0	126.0	0.2	0.12	5.6	7.699999809265137
2014-09-29	-1.236	0.13310392	1.3143315584415585	1022.7692578914142	80.0084733044733	16.2446093975469	168.29095833333335	0.7333333333333334	0.0	16.0	230.0	-5.229845562206428	0.3526922776635393	89.0	114.0	0.015	0.18	6.0	4.0
2014-10-06	-0.27	-0.0020428498	4.522687500000001	1017.0734375000001	71.20142361111111	13.141041666666666	149.79114583333333	0.47291666666666665	0.0	16.0	237.0	-5.25	0.0013531505536135413	72.0	107.0	0.11	0.22	6.3	15.800000190734863
2014-10-13	-0.27	0.047188323	2.551425	1009.249163510101	85.24761363636364	15.652364267676768	131.41068497474748	0.8375	0.0	16.0	244.0	-5.25	0.003482333923400715	80.0	105.0	0.15	0.27	6.6	5.400000095367432
2014-10-20	-0.27	-0.0014346441	5.7844500000000005	1012.3530902777778	82.0057986111111	14.08642361111111	114.37503472222222	0.7312500000000001	0.0	16.0	251.0	-5.25	0.00016233021693485287	87.0	111.0	0.16	0.3	7.0	2.700000047683716
2014-10-27	-0.27	0.0047856965	2.746682343073593	1026.8030324224387	81.81212829184705	10.963508342352092	86.16638777657528	0.5499999999999999	0.0	16.0	258.0	-5.25	0.002954295667786305	83.0	103.0	0.16	0.33	7.4	1.2999999523162842
2014-11-10	-0.27	-0.001386722	2.3455125000000003	1012.2700347222222	93.4601736111111	9.217152777777779	72.21822916666666	0.8958333333333334	0.004166666666666667	16.0	272.0	-5.25	0.00041519948494308563	74.0	94.0	0.16	0.41	7.4	2.299999952316284
2014-11-24	-0.27	-0.0012389024	3.0138375000000006	1021.7095486111111	91.08003472222224	6.342361111111111	53.510729166666664	0.6124999999999999	0.07083333333333335	16.0	286.0	-5.25	0.0	62.0	77.0	0.22	0.46	7.1	1.0
2014-12-09	-0.27	-0.0048200884	1.7360625	1025.7954861111111	89.73482638888889	1.0539583333333333	42.14454861111111	0.33958333333333335	0.0	16.0	301.0	-5.25	0.0067202548473506004	56.0	70.0	0.14	0.56	8.1	1.100000023841858
2014-12-22	-0.27	0.0013099214	9.6642375	1010.066076388889	91.2159375	8.315104166666666	39.11364583333333	1.0	0.21666666666666667	16.0	314.0	-5.25	5.0032331044294785e-05	53.0	57.0	0.14	0.63	7.7	1.0
2015-01-05	-0.27	-0.0045390925	3.8780250000000005	1026.422048611111	94.77152777777776	3.3002083333333334	42.77225694444444	0.9812500000000001	0.10833333333333334			-5.25	7.343081153187627e-05	48.0	56.0	0.11	0.71	7.1	0.800000011920929
2015-01-19	-0.27	-0.0006183684	2.3529000000000004	1014.6923958333333	99.33111111111111	-0.29149305555555555	53.958020833333336	0.6791666666666667	0.0			-5.25	0.0012357549548001317	44.0	52.0	0.13	0.77	7.1	0.699999988079071
2015-02-02	-0.27	-0.00032481053	5.0572125	994.7602777777778	85.34371527777778	1.1682291666666667	73.22951388888889	0.7666666666666666	0.004166666666666667			-5.25	0.00021019846970707343	42.0	48.0	0.11	0.89	7.0	1.0
2015-02-16	-0.27	-0.00089829665	7.330725	1025.081840277778	82.83381944444444	0.6028472222222222	100.5384375	0.6145833333333334	0.0			-5.25	0.0	33.0	51.0	0.05	1.07	6.7	5.5
2015-03-02	-0.27	-0.00018467505	6.31275	1000.32	69.56555555555555	4.7975	134.6651388888889	0.7291666666666666	0.06666666666666667			-5.25	7.360328403728763e-05	9.0	32.0	0.02	0.77	5.8	22.299999237060547
2015-03-16	-0.27	0.00041794777	6.734169545454545	1031.2665671897546	72.24629211760463	7.732835768398268	173.99828959235208	0.55625	0.0			-5.25	4.572955803044904e-05	10.0	23.0	0.02	0.65	5.1	6.0
2015-03-23	-0.27	0.0059692464	2.0290875	1017.0957638888889	54.66246527777778	4.669791666666667	193.7059375	0.5895833333333333	0.0			-5.25	0.0019607717756519294	4.0	24.0	0.02	0.58	4.8	8.699999809265137
2015-03-30	-0.27	-0.0006949107	10.502747727272729	993.5725220959597	63.29966856060606	6.772427398989898	214.09193813131313	0.6979166666666666	0.06666666666666667			-5.25	0.0	7.0	30.0	0.02	0.51	5.1	6.800000190734863
2015-04-07	-0.27	0.0017379323	3.539266666666667	1031.5921527777778	64.36434027777777	6.592326388888889	237.06565972222222	0.75	0.0			-5.25	0.0008733466463474541	13.0	29.0	0.02	0.48	4.6	4.099999904632568
2015-04-13	-0.27	-0.0017058452	6.134553409090909	1023.8824242424242	47.56482323232323	9.585486111111111	253.93261994949492	0.6	0.0			-5.25	0.0						5.078416347503662
2015-04-20	-0.27	-0.00087606907	3.116941666666667	1023.8640972222223	54.67951388888889	9.783923611111112	265.4264351851852	0.39375	0.0			-5.25	0.16526418171359586	10.0	35.0	0.05	0.32	5.0	7.199999809265137
2015-04-27	-4.7791	0.24164994	2.392125	1003.7025694444445	91.52034722222221	10.498645833333333	290.04052083333335	0.8833333333333333	0.0375			-2.7330111464980984	0.7361878360580311	5.0	33.0	0.09	0.19	3.6	20.100000381469727
2015-05-04	-0.27	0.0053228936	3.4662	1007.8687152777778	68.39975694444445	16.305694444444445	306.1275694444444	0.6145833333333334	0.08750000000000001			-5.25	0.00042102363084034066	5.0	34.0	0.06	0.05	4.9	18.200000762939453
2015-05-11	-0.27	0.016675672	2.5146716666666666	1025.8657083333335	53.04136111111111	12.45092361111111	312.08693750000003	0.6875	0.0			-5.25	0.0061289144798265865	9.0	34.0	0.09	0.05	3.4	3.0999999046325684
2015-05-18	-3.7438	0.15148568	1.9082999999999999	1011.3688541666667	56.36149305555555	13.764548611111111	333.1175	0.7604166666666666	0.0			-5.25	0.05487569748635575	20.0	39.0	0.07	0.05	3.4	5.300000190734863
2015-05-26	-5.455	0.1137623	3.01056	1014.9867430555555	56.00772222222222	12.892222222222221	345.1284513888889	0.7145833333333332	0.0			-3.953869440090129	0.3828351846942736	12.0	48.0	0.07	0.02	3.3	6.0
2015-06-01	-0.27	0.0687286	3.2017875	1014.5359722222223	77.50447916666667	14.550208333333332	351.8268402777778	0.8770833333333333	0.12916666666666668			-5.25	0.0019409802842453188	21.0	48.0	0.03	0.04	3.1	8.699999809265137
2015-06-08	-4.4062	0.24093413	3.0099752272727276	1026.3719023569024	54.18248800505051	15.411073021885521	357.24817824074074	0.7166666666666667	0.0			-3.5012323821448885	0.6883957250111011	7.0	49.0	0.03	0.005		15.6
2015-06-15	-0.27	0.003374974	2.7802562500000003	1016.3820833333333	51.29440393518519	14.513275462962964	361.10765625	0.6	0.0			-5.25	1.006960258832702	11.0	42.0	0.11	0.01		10.8
2015-06-22	-0.27	0.018158913	3.4979625000000003	1007.8160416666666	78.47690972222223	14.488020833333332	361.87437500000004	0.9625	0.2625			-5.25	0.001165073802742699	23.0	60.0	0.05	0.02	2.7	13.300000190734863
2015-06-29	-3.8412	0.7009317	1.0433625	1019.7322569444444	60.62065972222222	19.847291666666667	360.1647222222222	0.7312500000000001	0.012500000000000002			-3.670640037867765	3.4292249519332643	17.0	51.0	0.03	0.005		16.1
2015-07-06	-4.9012	0.38321623	4.1769375	1017.2171875	62.654374999999995	21.520902777777778	355.96371527777774	0.5645833333333333	0.2041666666666667			-2.9512396701303576	0.35937713439619023	19.0	45.0	0.015	0.005		6.3
2015-07-13	-0.27	0.001793623	4.4979375	1013.6372569444444	89.78204861111111	16.669409722222223	349.3832291666667	0.9583333333333334	0.3458333333333334			-5.25	0.09506532797198906	34.0	73.0			3.7	12.600000381469727
2015-07-20	-0.27	0.020880302	4.749075	1012.5342361111111	56.44138888888889	19.09277777777778	340.52746527777776	0.4375	0.0			-5.25	0.16597595377594274	33.0	72.0	0.03	0.01	3.9	8.5
2015-07-27	-0.27	-0.0011313757	4.87005	1002.7635763888889	69.31246527777778	17.24423611111111	329.58996527777776	0.8729166666666667	0.09583333333333334			-5.25	0.002949056663683055	41.0	89.0	0.03	0.01	4.7	20.899999618530273
2015-08-03	-0.545	0.51889586	0.7786125	1017.758611111111	49.10618055555556	23.468194444444446	316.73875	0.21666666666666667	0.0			-5.25	4.368601495075274	27.0	60.0	0.03	0.005		8.8
2015-08-10	-3.3004	1.4899845	2.5744875	1015.8947222222222	56.53899305555556	24.14670138888889	302.18621527777776	0.3729166666666666	0.0			-3.1903745616692287	2.858567105030536	22.0	62.0	0.015	0.005		20.0
2015-08-17	-0.27	0.077000774	3.6783086363636364	1009.0146098484848	61.80246001683502	22.52896022727273	285.67182028619527	0.8958333333333334	0.004166666666666667			-3.145916002431475	0.2829195740092583	17.0	94.0	0.04	0.04		52.7
2015-08-24	-0.27	-0.0014748573	4.3030875	1007.1611805555555	67.04996527777779	21.040520833333336	268.8099305555556	0.8145833333333333	0.041666666666666664			-5.25	0.0010696727427042662	27.0	80.0	0.05	0.02		33.9
2015-08-31	-0.545	0.44359025	1.06875	1011.0384027777777	64.20263888888888	25.45420138888889	250.47184027777777	0.5208333333333334	0.0			-1.8438042755449762	0.6066686081641521	17.0	77.0	0.015	0.005		41.9
2015-09-07	-0.27	-0.0020523071	2.920152272727273	1019.1808869949494	70.98161931818181	12.997998737373736	231.5333648989899	0.5708333333333333	0.0			-5.25	0.0007475926941570498	43.0	92.0	0.08	0.05	5.5	18.299999237060547
2015-09-14	-0.27	-0.000487566	4.5899625	1004.5909375	80.6379513888889	17.25267361111111	211.78138888888887	0.6333333333333333	0.2041666666666667			-5.25	0.0002372001451863881	34.0	79.0	0.015	0.04		34.8
2015-09-21	-0.27	-0.0020047824	3.1501875	1014.9089930555556	78.40746527777777	12.779270833333333	192.0015277777778	0.61875	0.0			-5.25	0.0014390318756463028	38.0	76.0	0.03	0.02	4.3	13.5
2015-09-28	-0.27	0.0035010576	1.417602272727273	1035.2404482323234	71.82622474747475	11.454094065656564	172.2046148989899	0.13333333333333333	0.0			-5.25	0.0705352301540662	45.0	84.0	0.05	0.03	6.4	13.399999618530273
2015-10-05	-0.27	0.045754988	1.1161875	1015.5281944444445	76.25114583333333	13.886006944444444	153.1495138888889	0.2916666666666667	0.0			-5.25	0.3765135988429845	41.0	80.0	0.04	0.03	4.7	16.799999237060547
2015-10-12	-0.27	-0.0022054513	4.127280681818182	1022.4472285353535	63.15953914141414	4.6900284090909095	134.60375315656566	0.25625000000000003	0.0			-5.25	0.002887648796818091	60.0	101.0	0.09	0.08	5.0	8.5
2015-10-19	-0.27	0.0068322024	2.343023863636364	1019.2552683080808	99.41528409090908	8.290577651515152	117.32593750000001	1.0	0.19999999999999998			-5.25	0.001624615359427238	67.0	86.0	0.1	0.12	5.2	3.9000000953674316
2015-10-26	-0.27	-0.0023768742	1.5021000000000002	1025.474826388889	87.45381944444443	7.3351041666666665	101.30565972222223	0.46249999999999997	0.0			-5.25	0.008527746841653099	69.0	86.0	0.13	0.17	5.5	3.9000000953674316
2015-11-09	-0.27	0.0005397002	5.7358875000000005	1016.7068276515151	73.49345643939394	13.292099116161616	74.34489583333334	0.9249999999999999	0.024999999999999998			-5.25	0.000723901941346371	65.0	82.0	0.08	0.25	6.0	4.699999809265137
2015-11-23	-0.27	-0.0038766663	2.4196125	1017.2609911616161	98.13391414141414	0.9373484848484849	54.862013888888896	0.71875	0.008333333333333333			-5.25	0.007097911628970506	59.0	79.0	0.13	0.33	6.0	2.4000000953674316
2015-12-07	-0.27	0.009610812	2.17935	1030.4648958333335	90.719375	9.111284722222221	43.284375000000004	0.9125	0.0			-5.25	0.00014764275839820783	52.0	67.0	0.13	0.41	6.1	1.399999976158142
2015-12-21	-0.27	0.00078548986	4.8418125000000005	1018.1974305555556	88.90805555555556	8.320381944444444	39.154444444444444	0.8354166666666667	0.10416666666666667			-5.25	0.00038722368479026536	51.0	58.0	0.09	0.23	7.5	1.7000000476837158
2016-01-04	-0.27	-0.002620623	5.7525375	999.7482638888888	69.32597222222222	-8.609375	42.13868055555556	0.7270833333333333	0.0	10.0	-21.0	-5.25	0.00020764709869404744	43.0	57.0	0.07	0.28	6.7	1.7000000476837158
2016-01-18	-0.27	-0.00018823023	2.5416666666666665	1022.7416666666667	92.0	-5.258333333333334	61.68981481481482	0.375	0.0	10.0	-7.0	-5.25	0.0	41.0	84.0	0.07	0.39	6.5	2.0
2016-02-01	-0.27	-0.00019802433	6.233333333333333	1010.9291666666667	89.70833333333333	7.091666666666666	18.981481481481485	0.975	0.08333333333333333	10.0	7.0	-5.25	9.1468781947514e-05	39.0	53.0	0.11	0.3	6.9	2.299999952316284
2016-02-15	-0.27	0.00048075616	4.325	1010.5708333333333	92.95833333333333	3.3541666666666665	8.912037037037038	1.0	0.004166666666666667	10.0	21.0	-5.25	0.0	34.0	52.0	0.09	0.64	6.8	3.5
2016-02-29	-0.27	0.00054051477	6.091666666666666	1022.9166666666666	77.0	1.0166666666666666	58.56481481481482	0.9708333333333333	0.0	10.0	35.0	-5.25	0.0	26.0	43.0	0.015	0.63	7.5	7.900000095367432
2016-03-14	-0.27	0.0004667441	1.536709090909091	1033.9708301767675	71.63287247474747	3.7231218434343436	169.855625	0.8416666666666667	0.0	10.0	49.0	-5.25	0.0009300882555412845	10.0	40.0	0.015	0.52	6.1	23.100000381469727
2016-03-29	-0.27	-0.0010335048	4.8494625000000005	1006.0123958333334	83.27819444444445	7.612430555555555	213.35163194444445	0.6958333333333333	0.23750000000000002	10.0	64.0	-5.25	6.959874590878295e-05	12.0	31.0	0.015	0.48	5.2	8.100000381469727
2016-04-04	-0.545	0.34905466	0.5899875	1008.1082638888888	62.085	14.450069444444445	230.65958333333333	0.8041666666666667	0.0	10.0	70.0	-0.8562575607469285	0.10582422368073024	6.0	28.0	0.015	0.41	5.5	13.399999618530273
2016-04-11	-0.27	0.021340966	1.8986250000000002	1016.6571527777778	64.68336805555556	9.645451388888889	250.3674652777778	0.8937499999999999	0.0	10.0	77.0	-5.167525752152158	0.3894779714607395	6.0	32.0	0.015	0.42	4.9	7.699999809265137
2016-04-18	-0.27	-0.0019029379	3.7440075000000004	1018.9261041666667	53.347	8.640472222222222	269.23631944444446	0.4145833333333333	0.0	10.0	84.0	-5.25	0.0021106294986278726	9.0	40.0	0.03	0.35	6.4	12.399999618530273
2016-04-25	-0.27	0.00011559328	4.474687500000001	1006.9295138888889	65.10583333333334	5.523472222222222	286.9898611111111	0.6708333333333334	0.016666666666666666	10.0	91.0	-5.25	0.0008122541391101908	12.0	45.0	0.015	0.2	4.4	10.300000190734863
2016-05-02	-0.27	0.024419865	2.3304795454545455	1023.487006523569	56.258417508417516	12.586021675084176	303.2108428030303	0.15833333333333335	0.0	10.0	98.0	-5.25	0.00567235326838259	7.0	29.0	0.015	0.13	4.4	10.300000190734863
2016-05-09	-0.27	-0.00041814646	4.731000000000001	1019.6684375	49.00663194444445	18.845694444444444	318.12111111111113	0.12291666666666667	0.0	10.0	105.0	-5.25	0.0003230614975689254	13.0	31.0	0.05	0.09	4.4	3.4000000953674316
2016-05-17	-0.27	0.011724035	4.8826875	1014.3625347222222	70.99954861111111	10.164444444444444	332.7061805555556	0.8854166666666666	0.008333333333333333	10.0	113.0	-5.25	0.0004451343765389843	23.0	49.0	0.05	0.11	3.8	3.5999999046325684
2016-05-23	-3.887	0.8234753	2.2729875	1006.8788541666667	63.68354166666666	21.24385416666667	341.88034722222216	0.7625000000000001	0.5791666666666667	10.0	119.0	-3.1110428674784067	1.1889827572488636	6.0	30.0	0.03	0.03		32.1
2016-05-30	-0.27	0.066664614	3.7429500000000004	1005.5903819444444	79.17621527777779	20.81636047979798	350.5183680555556	0.4916666666666667	0.46249999999999997	10.0	126.0	-5.25	0.13295725493507413	6.0	40.0	0.03			31.1
2016-06-06	-0.27	0.066160046	3.4938750000000005	1021.1466319444444	47.47121527777778	20.031316287878788	356.7922222222223	0.12083333333333335	0.0	10.0	133.0	-3.7390505946747576	0.31184384181858754	13.0	30.0	0.03	0.03		6.8
2016-06-13	-0.27	0.14937861	1.7892000000000001	1002.6145138888888	96.72677083333333	14.127569444444445	360.6142013888889	0.99375	0.17500000000000002	10.0	140.0	-5.25	0.11028868523512622	9.0	34.0	0.03			17.0
2016-06-20	-0.27	0.049573105	2.7866250000000004	1020.5743402777779	59.95295138888889	18.80920138888889	361.8785416666667	0.38958333333333334	0.0	10.0	147.0	-5.25	0.08073153080735762	9.0	56.0				32.6
2016-06-27	-0.27	-0.0025993984	2.652225	1017.1596180555556	60.63506944444445	19.05673611111111	360.6540277777778	0.48333333333333334	0.0	10.0	154.0	-5.25	0.6379874410291888	12.0	52.0	0.04	0.01		20.5
2016-07-04	-0.27	-0.000743707	2.5164	1020.4615972222223	59.05645833333333	17.996666666666666	356.9009722222222	0.3520833333333333	0.0	10.0	161.0	-5.25	0.0044548253460417134	28.0	69.0			2.8	26.299999237060547
2016-07-11	-4.3879	0.18181665	3.2866875000000007	1008.0220486111111	55.60163194444444	24.812743055555558	350.7290972222222	0.8166666666666668	0.0	10.0	168.0	-5.25	0.06652331075773209	34.0	79.0		0.01		32.9
2016-07-18	-0.27	0.04345091	2.6095125	1019.7272222222223	70.38302083333333	18.83458333333333	342.2836805555555	0.8250000000000001	0.0	10.0	175.0	-3.745937832207183	0.4547285785273233	32.0	73.0	0.06	0.02	3.3	20.100000381469727
2016-07-25	-0.545	0.5158181	1.1777625	1017.3738194444445	61.15309027777778	25.00277777777778	331.7109722222222	0.3729166666666666	0.0	10.0	182.0	-1.9534247925258925	0.9223257547595263	11.0	60.0	0.03			14.5
2016-08-01	-0.27	-0.0036396186	4.0225125	1016.5783333333334	68.15038194444445	17.957256944444445	319.18576388888886	0.49374999999999997	0.0	10.0	189.0	-5.25	0.09863987968466466	24.0	73.0			3.4	23.5
2016-08-08	-0.27	-0.0022695065	4.3257	1017.0843055555556	57.834131944444444	21.82815972222222	304.90652777777774	0.5645833333333333	0.0	10.0	196.0	-5.25	0.0022918531576285837	59.0	100.0	0.05	0.02	4.1	12.600000381469727
2016-08-15	-0.27	-0.00043408075	2.0439000000000003	1022.8664930555556	66.24430555555556	16.779618055555556	289.0946875	0.4666666666666666	0.0	10.0	203.0	-5.25	0.002735030914031461	56.0	105.0	0.05	0.16	4.3	22.899999618530273
2016-08-22	-0.27	0.034954865	2.9202	1023.9820486111112	72.50548611111111	18.907847222222223	271.9842361111111	0.6270833333333333	0.0	10.0	210.0	-4.737908205820652	0.8723899719054246	39.0	74.0				19.2
2016-08-29	-0.27	0.030600945	4.1914875	1016.0162152777779	62.62090277777778	20.71472222222222	253.80947916666665	0.6354166666666666	0.0	10.0	217.0	-3.988345511597019	0.3310692791223891	38.0	71.0	0.03	0.01		7.1
2016-09-05	-0.27	0.0060720444	2.8420125000000005	1014.9767708333334	90.94208333333334	17.42253472222222	234.8135763888889	0.7395833333333334	0.2791666666666667	10.0	224.0	-5.25	0.00013537769574820674	73.0	112.0	0.13	0.08	4.5	8.300000190734863
2016-09-12	-0.545	0.2850004	0.914475	1019.4337847222222	62.02600694444445	23.9346875	215.30184027777776	0.13541666666666666	0.0	10.0	231.0	-1.539176682955407	0.6727829282516012	64.0	111.0	0.05	0.07		18.4
2016-09-19	-0.27	0.002365907	2.5004625000000003	1017.5685763888888	57.13395833333333	15.620624999999999	195.5320833333333	0.68125	0.0	10.0	238.0	-5.25	0.004574448922075913	74.0	112.0	0.08	0.06	4.4	16.399999618530273
2016-09-26	-0.27	0.015670696	1.1643000000000001	1022.1049652777779	68.63552083333333	15.093472222222223	175.8296875	0.53125	0.0	10.0	245.0	-5.25	0.010019118455864576	72.0	124.0	0.03	0.05	4.4	32.599998474121094
2016-10-04	-0.27	-0.0043288865	4.157212500000001	1032.0345486111112	66.01017361111111	12.6496875	153.8214236111111	0.4479166666666667	0.19583333333333333	10.0	253.0	-5.25	0.0032552524739719157	71.0	118.0	0.03	0.05	4.1	25.200000762939453
2016-10-10	-0.27	0.00041997433	1.1512875	1023.9825694444444	89.01145833333334	8.461979166666667	137.92388888888888	0.8583333333333334	0.0	10.0	259.0	-5.25	0.007188775109984508	73.0	107.0	0.09	0.04	3.9	17.399999618530273
2016-10-17	-0.27	0.0017678738	4.9155750000000005	1025.7051388888888	99.90868055555556	7.865659722222222	120.35190972222222	1.0	0.0	10.0	266.0	-5.25	0.00030860379963957343	72.0	83.0	0.07	0.13	4.0	8.0
2016-10-24	-0.27	0.013053735	1.6554000000000002	1017.1779513888888	100.22354166666666	8.046041666666666	104.07079861111112	0.96875	0.1875	10.0	273.0	-5.25	0.0059105917428693006	71.0	94.0	0.05	0.18	4.7	5.099999904632568
2016-10-31	-0.27	0.00060721237	1.8742500000000002	1027.8804861111112	99.88829861111111	7.292569444444445	89.35152777777779	0.7333333333333334	0.02916666666666667	10.0	280.0	-5.25	0.010186290628390085	71.0	97.0	0.05	0.22	4.5	3.4000000953674316
2016-11-07	-0.27	-0.0030345519	1.5402000000000002	1005.8739930555556	95.07635416666666	4.580208333333333	76.39045138888889	0.9270833333333334	0.008333333333333333	10.0	287.0	-5.25	0.00462572850967405	64.0	76.0	0.08	0.28	4.6	6.300000190734863
2016-11-14	-0.27	-0.002377351	1.8143624999999999	1034.4191666666668	84.62253472222223	-0.28982638888888884	65.36284722222223	0.3	0.0	10.0	294.0	-5.25	0.011972974414205287	60.0	80.0	0.08	0.3	4.8	9.899999618530273
2016-11-21	-0.27	0.01440682	2.2798125000000002	1008.7408333333333	85.4354513888889	8.852118055555556	56.279513888888886	0.7833333333333333	0.0	10.0	301.0	-5.25	0.00024211740218793194	53.0	74.0	0.04	0.31	4.8	13.899999618530273
2016-12-05	-0.27	-0.002399822	1.8467250000000002	1028.057326388889	101.34173611111112	-1.8471527777777776	44.017361111111114	0.4895833333333333	0.0	10.0	315.0	-5.25	0.0042516215247385605	51.0	69.0	0.04	0.34	5.9	1.100000023841858
2016-12-12	-0.27	-0.015175055	2.4073875	1022.8440972222221	89.39218749999999	3.2045833333333333	40.723819444444445	0.5375	0.2708333333333333	10.0	322.0	-5.25	0.0	51.0	66.0	0.06	0.38	5.0	1.0
2016-12-19	-0.27	-0.0032500823	1.1707500000000002	1032.6148958333333	103.29729166666668	3.3653472222222223	39.23392361111111	0.9874999999999999	0.0	10.0	329.0	-5.25	0.0043085781276441006	50.0	56.0	0.06	0.41	5.2	1.2000000476837158
2017-01-02	-0.27	-0.0018327931	3.5698125	1015.6007986111111	93.10892361111111	1.0907291666666665	41.583125	0.7395833333333334	0.075	43.0	-50.0	-5.25	0.0	47.0	57.0	0.07	0.5	5.4	1.100000023841858
2017-01-16	-0.27	-0.0006291109	3.3791666666666664	1025.375	88.79166666666667	-1.7416666666666665	23.842592592592595	0.7374999999999999	0.016666666666666666	43.0	-36.0	-5.25	0.0	39.0	58.0	0.09	0.74	5.7	5.5
2017-01-30	-0.27	0.00020951654	4.2	1016.0291666666667	87.625	0.03333333333333332	17.12962962962963	0.8791666666666668	0.45	43.0	-22.0	-5.25	0.0016358506719974454	35.0	46.0	0.05	0.81	5.6	7.400000095367432
2017-02-13	-0.27	0.00407963	3.6833333333333336	1038.0	80.375	-3.65	97.68518518518518	0.07083333333333335	0.0	43.0	-8.0	-5.25	0.00518339355309379	7.0	30.0	0.05	0.47	4.8	15.399999618530273
2017-02-27	-2.0232	1.1079237	4.995833333333334	1004.3208333333333	64.29166666666667	9.3875	95.60185185185185	0.6895833333333333	0.0	43.0	6.0	-1.6267295218101387	1.081493745073953	14.0	36.0	0.06	0.58	4.9	6.199999809265137
2017-03-06	-1.8816	1.7804985	1.6661416666666666	1001.09171875	87.48036458333333	5.790555555555556	86.2476099537037	0.86875	0.08333333333333333	43.0	13.0	-1.28576092746472	3.4971018318858285	21.0	37.0	0.06	0.74	5.0	3.9000000953674316
2017-03-13	-0.27	-0.0016261736	2.1550833333333332	1026.429513888889	78.79378472222221	3.8864236111111112	150.2044097222222	0.7604166666666666	0.0	43.0	20.0	-5.25	0.00042680650127536367	19.0	52.0		0.82	4.9	7.800000190734863
2017-03-20	-0.27	0.0014961958	6.134241666666667	1005.2773611111111	87.17576388888888	10.232708333333333	181.39056712962963	0.9583333333333334	0.04583333333333334	43.0	27.0	-5.25	8.911985708994857e-05	13.0	42.0		0.81	4.7	9.699999809265137
2017-03-27	-0.545	0.13820939	0.9342750000000001	1025.6324652777778	60.77715277777778	8.995	206.80409722222223	0.07291666666666667	0.0	43.0	34.0	-2.6462849435687796	0.4599645440579009	60.0	87.0		0.62	4.6	11.600000381469727
2017-04-03	-4.3491	0.39509094	1.5181125000000002	1025.5475	81.13336805555555	8.544583333333334	227.07791666666665	0.8312499999999999	0.0	43.0	41.0	-3.3428710028045177	0.948779433233965	5.0	40.0		0.66	4.3	19.5
2017-04-10	-0.27	-0.00038488707	4.694287500000001	1015.7368402777778	62.87114583333334	11.8265625	246.90111111111113	0.38958333333333334	0.0	43.0	48.0	-5.2033514472309434	0.20087869588833404	10.0	35.0	0.04	0.59	4.3	10.399999618530273
2017-04-18	-0.27	-0.0035773914	3.4579125000000004	1022.6202430555555	73.24972222222222	4.268680555555556	268.5833680555556	0.7937500000000001	0.004166666666666667	43.0	56.0	-5.25	0.0028987629860530053	22.0	40.0	0.06	0.53	4.3	4.099999904632568
2017-04-24	-0.27	-0.00067130727	5.116162500000001	1013.8440277777777	59.72833333333333	8.388090277777778	283.9274652777778	0.625	0.0	43.0	62.0	-5.25	0.00041409425520120587	22.0	46.0	0.04	0.62	4.2	3.200000047683716
2017-05-02	-0.27	0.0016450882	6.4502250000000005	1017.7705208333333	72.02427083333333	9.771909722222222	302.82677083333334	0.8895833333333334	0.10833333333333332	43.0	70.0	-5.25	4.204848882798187e-05	22.0	46.0	0.04	0.6	3.8	7.699999809265137
2017-05-08	-4.3552	0.38128957	2.3495624999999998	1015.0838541666667	79.86145833333333	7.575937499999999	315.61305555555555	0.8083333333333332	0.09583333333333333	43.0	76.0	-3.4167836404287093	0.764641562262026	27.0	49.0		0.5	3.6	5.199999809265137
2017-05-15	-4.2833	0.403988	2.440425	1027.0952083333334	68.17625	15.154652777777777	328.87107638888887	0.6749999999999999	0.0	43.0	83.0	-2.7030486270084433	0.5586270642950869	6.0	42.0		0.29		27.4
2017-05-22	-1.7918	0.20101254	1.4086875	1021.1587499999999	53.22979166666667	16.694583333333334	340.1115625	0.44166666666666665	0.0	43.0	90.0	-5.25	0.14069979104701225	12.0	46.0	0.05	0.25		6.3
2017-05-29	-3.3133	0.68340135	1.8808125000000002	1013.0642013888888	53.89559027777778	23.96013888888889	349.13475694444446	0.5104166666666666	0.0	43.0	97.0	-3.1214568343110582	0.8016801866262531	5.0	61.0		0.12		37.5
2017-06-06	-0.27	0.02797071	3.6340778571428576	1004.9549335317461	77.47530753968253	17.738590277777778	356.82409027777777	0.8375	0.024999999999999998	43.0	105.0	-3.999939269426346	0.3587696709670044	14.0	55.0	0.05	0.13		4.8
2017-06-12	-0.27	0.0018146833	6.415162500000001	1010.766423611111	58.180590277777775	19.871875	360.12427083333336	0.78125	0.004166666666666667	43.0	111.0	-4.713797801255843	0.19727875750124993	18.0	55.0	0.04	0.17		13.6
2017-06-19	-0.27	0.09978366	1.7166666666666668	1020.6958333333333	56.875	23.90833333333333	299.0740740740741	0.2333333333333333	0.0	43.0	118.0	-2.130385471762179	0.2592708437276578	9.0	55.0	0.03	0.09		30.3
2017-06-26	-0.27	0.014608224	3.623280681818182	1011.2544286616162	70.7355303030303	16.65527777777778	344.4977398989899	0.74375	0.09999999999999999	43.0	125.0	-5.25	7.226842479779935e-05	25.0	59.0	0.25	0.08	1.5	11.699999809265137
2017-07-03	-0.27	-0.0022298496	4.346775	1019.0492361111111	56.60697916666667	17.281145833333333	357.76361111111106	0.5416666666666666	0.0	43.0	132.0	-5.25	0.00192597902424461	29.0	81.0		0.08	1.3	33.900001525878906
2017-07-10	-4.4249	0.47158822	2.0848125000000004	1008.0038888888889	85.94555555555554	19.049618055555555	352.0200347222222	0.80625	0.42083333333333334	43.0	139.0	-3.043137218062628	1.3504049485132736	19.0	54.0		0.02	0.96	5.599999904632568
2017-07-17	-0.27	0.014968951	2.7505124999999997	1020.5695486111111	67.69402777777778	18.53607638888889	343.9610069444445	0.5916666666666667	0.15	43.0	146.0	-5.25	0.034727049662387134	35.0	75.0		0.02	1.5	10.399999618530273
2017-07-24	-1.1099	0.11359326	1.5863250000000002	1008.6870138888889	65.9745138888889	20.192743055555557	333.7390972222222	0.8916666666666666	0.5958333333333333	43.0	153.0	-5.25	0.1580180265749131	32.0	68.0		0.01		14.9
2017-07-31	-0.27	0.012936751	2.4247125	1013.8836458333334	62.41256944444444	23.63388888888889	321.5447222222222	0.6687500000000001	0.0	43.0	160.0	-5.25	0.012560351953888257	60.0	98.0	0.03	0.06	2.5	21.0
2017-08-07	-0.27	0.04964161	1.7233670454545456	1021.3721212121212	56.776259469696974	19.451303661616162	307.5757291666667	0.15208333333333332	0.0	43.0	167.0	-5.25	0.05841939900782393	67.0	124.0	0.05	0.03	3.0	26.899999618530273
2017-08-14	-0.27	0.077208675	1.6530908333333334	1023.0803402777779	63.87736574074074	19.273060185185184	292.12909722222224	0.44375000000000003	0.0	43.0	174.0	-5.25	0.18194329972273648	66.0	111.0	0.03	0.02	2.6	35.400001525878906
2017-08-21	-0.27	-0.002993663	4.8414	1020.3909027777778	81.51993055555555	15.819895833333334	275.1280555555556	0.7666666666666666	0.004166666666666667	43.0	181.0	-5.25	0.0016713653179332665	79.0	123.0	0.09	0.06	2.7	10.899999618530273
2017-08-28	-0.96438	0.117554665	0.7474875000000001	1019.9901041666667	70.86020833333333	18.67388888888889	257.1013541666667	0.41250000000000003	0.0	43.0	188.0	-5.25	0.11925021721846525	90.0	141.0	0.09	0.11	3.2	12.100000381469727
2017-09-04	-0.27	-0.003318866	2.5888875000000002	1015.133611111111	67.83538194444445	14.744756944444445	238.2404861111111	0.33958333333333335	0.0	43.0	195.0	-5.25	0.011651722370349123	102.0	145.0	0.06	0.08	3.6	9.399999618530273
2017-09-11	-0.27	-0.0019247532	5.5589625	1001.0560069444444	71.71930555555555	16.0809375	218.81354166666665	0.5375	0.0	43.0	202.0	-5.25	0.0008767410453403134	93.0	141.0	0.15	0.15		7.099999904632568
2017-09-18	-0.27	0.0025012493	1.8862125	1014.1235763888889	77.79302083333333	12.524756944444443	199.06569444444446	0.3979166666666667	0.0	43.0	209.0	-5.2483726666479855	0.27198077865847264	108.0	143.0	0.13	0.21	4.4	11.899999618530273
2017-09-25	-0.27	0.0037519138	2.4946125	1023.0413541666667	97.8098263888889	13.721805555555555	179.32784722222223	0.8895833333333334	0.020833333333333332	43.0	216.0	-5.25	0.4909206901950437	98.0	131.0	0.05	0.19	4.7	11.0
2017-10-04	-0.27	-0.0012337764	7.2236391666666675	1016.5140972222222	73.67718055555555	11.946104166666666	155.16913194444444	0.9020833333333332	0.0	43.0	225.0	-5.25	0.00022739389867564664	108.0	124.0	0.08	0.24	5.1	4.199999809265137
2017-10-09	-0.27	-0.0009229581	3.7251	1015.996423611111	83.46993055555555	8.614201388888889	141.17937500000002	0.5499999999999999	0.041666666666666664	43.0	230.0	-5.25	0.0031885701037207867	102.0	124.0	0.1	0.28	5.3	2.4000000953674316
2017-10-16	-1.0053	0.10156894	1.465575	1022.530451388889	83.69291666666666	15.41423611111111	123.38625	0.020833333333333332	0.0	43.0	237.0	-2.1466261739012786	0.10392963415732967	96.0	120.0	0.08	0.33	5.4	4.199999809265137
2017-10-23	-0.27	0.00051470596	2.4955875	1016.0443402777778	96.89659722222223	10.298819444444446	106.851875	0.8250000000000001	0.004166666666666667	43.0	244.0	-5.25	0.0007159883633207074	94.0	117.0	0.07	0.3	6.5	4.900000095367432
2017-11-01	-0.27	0.00025836626	5.231625	1017.5210416666667	98.58666666666669	9.405520833333332	87.86763888888889	0.96875	0.09999999999999999	43.0	253.0	-5.25	0.00022247960638329965	86.0	104.0	0.08	0.42	5.7	2.299999952316284
2017-11-06	-0.27	-0.0037212372	1.8228	1020.3894097222222	92.015625	6.709201388888889	78.58583333333333	0.5041666666666667	0.012499999999999999	43.0	258.0	-5.25	0.0029533598841974236	83.0	100.0	0.08	0.46	6.8	3.0
2017-11-13	-0.27	-0.0038043857	2.5996125	1011.2852777777779	88.24114583333333	4.6736458333333335	67.17583333333333	0.7875	0.008333333333333333	43.0	265.0	-5.25	0.0025953153294413956	77.0	96.0	0.06	0.51	6.0	3.799999952316284
2017-11-20	-0.27	-0.0008537173	4.948650000000001	1013.3026388888889	84.6451388888889	4.439652777777778	57.75895833333333	0.775	0.020833333333333332	43.0	272.0	-5.25	5.986985502744166e-05	72.0	110.0	0.06	0.57	6.1	2.200000047683716
2017-11-27	-0.27	-0.00030938783	7.061700000000001	1014.8926041666667	85.79309027777778	4.122013888888889	50.292569444444446	0.8541666666666666	0.14583333333333334	43.0	279.0	-5.25	9.483959845105926e-05	72.0	84.0	0.04	0.48	6.2	1.399999976158142
2017-12-04	-0.27	-0.0007065336	4.4607	1020.1930555555555	82.08177083333334	3.8750347222222223	44.792743055555555	0.6520833333333333	0.07083333333333333	43.0	286.0	-5.25	6.458824033126949e-05	64.0	81.0	0.06	0.68	6.4	1.399999976158142
2017-12-11	-0.27	0.0005442798	3.3857250000000003	985.2130902777777	92.43829861111111	3.0831597222222222	41.17239583333333	0.8937499999999999	0.08750000000000001	43.0	293.0	-5.25	0.0	63.0	72.0	0.04	0.6	6.4	3.311845302581787
2017-12-18	-0.27	-0.006775955	2.1994125	1025.5632291666668	84.0279861111111	0.16034722222222222	39.36670138888889	0.46458333333333335	0.0	43.0	300.0	-5.25	0.0012756685318420348	62.0	74.0	0.05	0.73	6.4	3.7981250286102295
2018-01-02	-0.27	-0.00022600095	3.0081	1005.6242708333333	94.68027777777779	3.9521180555555553	41.47895833333333	0.8791666666666668	0.20833333333333334			-5.25	0.0	53.0	65.0	0.06	0.88	6.5	2.416919708251953
2018-01-08	-0.27	-0.002364536	3.998325	1033.4229513888888	68.24694444444445	-1.6681944444444445	44.66753472222222	0.16041666666666668	0.0			-5.25	0.00017344170856142853	53.0	64.0	0.06	1.46	6.7	2.447544574737549
2018-01-15	-0.27	-2.2493303e-05	6.383025	1016.0489236111111	70.73527777777777	-0.31583333333333335	50.18892361111111	0.7374999999999999	0.0			-5.25	0.0	52.0	62.0	0.06	0.9	6.5	2.6929612159729004
2018-01-22	-0.27	-0.0017237514	4.9928625	1012.9487847222222	78.44423611111111	0.18600694444444446	57.68128472222222	0.9500000000000001	0.0			-5.25	0.0001457967976313834	50.0	63.0	0.07	0.92	6.7	3.038705348968506
2018-01-29	-0.27	0.0004943013	8.8098375	1018.3832986111111	79.84559027777777	9.018645833333332	67.25170138888889	0.9812500000000001	0.125			-5.25	3.2678651586267887e-05	47.0	55.0	0.06	1.14		3.4011757373809814
2018-02-05	-0.27	-0.043655187	1.8946125	1028.1814583333332	74.91125	-1.3174305555555554	78.86961805555556	0.5291666666666667	0.0			-5.25	0.0015702445066897112	43.0	55.0	0.05	1.14	7.3	3.3661012649536133
2018-02-12	-0.27	-0.0013055453	4.7375	1009.8249999999999	81.45833333333333	0.9874999999999999	60.416666666666664	0.48125	0.0			-5.25	0.001492846856771696	41.0	55.0	0.05	1.22	7.5	
2018-02-19	-0.27	3.7054222e-05	2.975	1022.4	70.5	0.8958333333333334	78.47222222222223	0.875	0.0			-5.25	0.0007607596241088727	40.0	64.0		1.17	7.1	
2018-02-20	-0.27	0.00018835068	3.8708333333333336	1020.8416666666667	72.08333333333333	-0.49166666666666664	106.59722222222223	0.4666666666666666	0.0			-5.25	0.0007628373689551338						
2018-02-26	-0.27	0.00097483397	4.320833333333334	1028.9041666666667	62.791666666666664	-6.5125	95.02314814814815	0.3229166666666667	0.0			-5.25	0.0	29.0	40.0	0.05	1.1	6.3	
2018-03-05	-0.27	0.0018440684	3.3333333333333335	999.3166666666666	61.708333333333336	2.1791666666666667	82.29166666666667	0.725	0.004166666666666667			-5.25	0.0007905500299456417	18.0	33.0	0.03	0.82	6.5	
2018-03-12	-0.27	0.0031553905	3.108333333333333	992.0208333333334	89.75	7.916666666666667	29.166666666666668	0.9583333333333334	0.29583333333333334			-5.25	0.001612060006078833						
2018-03-12	-0.27	0.0031553905	3.108333333333333	992.0208333333334	89.75	7.916666666666667	29.166666666666668	0.9583333333333334	0.29583333333333334			-5.25	0.001612060006078833	11.0	24.0	0.07	0.64	5.3	
2018-03-19	-0.27	0.0052862563	4.420833333333333	1015.6750000000001	44.25	-1.6458333333333333	195.9490740740741	0.12291666666666667	0.0			-5.25	0.007397258508006527	3.0	38.0		0.75	4.2	
2018-03-26	-0.27	0.065168224	1.3375125	1012.4094444444445	78.97774305555556	5.0202430555555555	203.18128472222222	0.8395833333333332	0.0			-2.4879065668696554	0.33606025538803225	3.0	21.0		0.69	4.6	
2018-04-03	-0.27	0.01898539	3.3278625	1004.2051388888889	73.73125	10.504340277777777	226.3634375	0.8645833333333334	0.049999999999999996			-5.25	0.0	6.0	19.0	0.04	0.69	4.1	1.0339642763137817
2018-04-09	-0.545	0.21676278	1.2109500000000002	1006.7119791666668	65.66409722222222	13.399687499999999	243.40944444444446	0.15208333333333332	0.0			-5.25	0.04364760776969793	7.0	24.0		0.67	4.0	4.722494125366211
2018-04-16	-2.1936	0.4383277	1.52475	1013.0775347222221	87.42750000000001	12.461666666666666	262.6070486111111	0.94375	0.12083333333333333			-1.4457449205772932	0.3861644385693423	6.0	28.0		0.51	3.7	6.256614685058594
2018-04-23	-4.4488	0.70842934	3.9651375000000004	1011.1106249999999	66.01284722222222	17.554895833333333	280.7898263888889	0.7270833333333333	0.029166666666666664			-2.9329407138883523	0.6023848203452519	4.0	39.0		0.42		23.12897300720215
2018-05-02	-0.27	0.013483207	2.5561312500000004	1014.4661805555556	68.8771875	10.493940972222221	305.39090277777774	0.78125	0.0			-5.25	0.0025789089820047744	9.0	34.0		0.3	3.6	13.433860778808594
2018-05-07	-5.0431	0.10314616	2.60475	1022.1929513888889	59.735104166666666	17.25409722222222	313.0467361111111	0.025000000000000005	0.0			-5.25	0.05793805618774353	6.0	32.0	0.03	0.22	3.4	4.919074535369873
2018-05-14	-0.27	0.0001938343	4.7471250000000005	1013.9134027777777	47.84034722222222	18.52659722222222	326.64534722222226	0.08541666666666668	0.0			-5.25	0.0008133530519915315	6.0	38.0	0.03	0.16		3.6198766231536865
2018-05-22	-0.27	0.011247317	2.6456250000000003	1015.4731944444444	46.345416666666665	18.499131944444446	339.74791666666664	0.25416666666666665	0.0			-5.25	0.0008865814621896901	7.0	45.0		0.07	1.4	20.705768585205078
2018-05-28	-3.6824	0.4871106	3.8736	1019.4828125	56.80385416666667	24.14878472222222	347.6990625	0.41250000000000003	0.0			-2.7392847204363364	0.21824962828243655	5.0	34.0		0.01		9.166848182678223
2018-06-04	-3.8647	0.70425963	2.0366250000000004	1011.890625	68.96124999999999	21.703611111111112	354.841875	0.37916666666666665	0.0			-3.700789879541259	3.7358768077972053	9.0	39.0				7.0221099853515625
2018-06-11	-3.7152	0.5686824	2.7373875	1009.976423611111	67.26496527777778	19.93690972222222	359.55267361111106	0.6104166666666667	0.0			-2.702989343092026	0.8491396579607269	14.0	50.0				5.636520862579346
2018-06-18	-0.27	0.009619951	2.8268625000000003	1018.7197569444444	57.49583333333334	19.629270833333333	361.7295138888889	0.68125	0.0			-5.154563918022646	0.9880256746580985	21.0	73.0		0.01		11.150866508483887
2018-06-25	-0.27	0.0006450017	2.6394750000000005	1020.0025694444445	78.71451388888889	15.995138888888889	361.4001041666667	0.7374999999999999	0.0			-5.25	0.002036011069658742	67.0	98.0	0.13	0.06	2.5	3.5046279430389404
2018-07-02	-0.27	0.040376585	1.9689000000000003	1017.5152083333334	54.40756944444445	16.938645833333332	358.53270833333335	0.22291666666666665	0.0			-5.25	0.010747795220731729	46.0	99.0		0.01	2.9	12.9057035446167
2018-07-09	-0.27	0.010294914	3.4097250000000003	1017.4537847222223	59.200208333333336	19.771979166666668	353.2136458333334	0.68125	0.0			-5.25	0.0021490729997911536	57.0	98.0	0.06	0.03		8.048218727111816
2018-07-16	-2.1451	0.23620288	1.5509625	1013.4779513888889	62.488125	21.739409722222224	345.55486111111117	0.3333333333333333	0.0			-5.25	0.49533569847691283	54.0	103.0	0.15			12.328845024108887
2018-07-23	-4.2597	0.19159532	2.3981250000000003	1014.9559722222222	60.42760416666667	22.34375	335.71465277777776	0.19791666666666666	0.0			-2.604151573495844	0.6163174408243244	50.0	107.0	0.05			22.367345809936523
2018-07-30	-5.455	0.114228964	2.767425	1016.3643402777778	55.6784375	25.62986111111111	323.8625347222222	0.3729166666666666	0.0			-5.0250854448023885	0.4122360752776208	52.0	136.0	0.07			12.725275039672852
2018-08-06	-0.27	0.010555108	1.5333750000000002	1017.9369097222221	57.389826388888885	22.394270833333334	310.17822916666665	0.0375	0.0			-5.25	0.008721994680609168	94.0	198.0	0.1			13.118985176086426
2018-08-13	-0.27	0.080286026	2.2995	1007.7262152777779	55.39847222222222	21.976041666666664	294.8904166666667	0.6166666666666666	0.004166666666666667			-5.25	0.17708886958756417	252.0	346.0	0.4	0.04		20.27313995361328
2018-08-20	-0.27	0.019581636	3.7957875000000008	1016.2483680555556	68.28940972222223	20.97190972222222	278.2355902777778	0.56875	0.0			-4.084341085087629	0.7633576158807233	159.0	336.0				49.728294372558594
2018-08-27	-0.27	-0.0018074512	5.0381625	1012.7122569444444	56.28909722222222	17.764722222222222	260.4118402777778	0.7791666666666667	0.0			-5.25	0.003052963166453096	238.0	310.0	0.16	0.02	3.3	6.9245195388793945
2018-09-03	-0.27	0.009530465	4.3152375	1017.9256944444445	61.08833333333333	22.450972222222223	241.6890625	0.5229166666666667	0.004166666666666667			-5.25	0.000824779392116749	255.0	342.0	0.11	0.04	4.2	6.295614719390869
2018-09-10	-0.27	0.05082496	2.0429250000000003	1020.2119097222222	65.4084375	18.73059027777778	222.29913194444444	0.7583333333333333	0.0			-4.740554323938277	0.32610059397188157	301.0	399.0	0.04			9.236839294433594
2018-09-17	-0.545	0.097833075	1.4506125	1019.3060763888889	62.833194444444445	18.21440972222222	202.59711805555557	0.6270833333333333	0.0			-5.25	0.5105758551384237	389.0	498.0	0.06	0.02		6.331020832061768
2018-09-24	-0.27	-0.0049664974	5.1446250000000004	1022.4307986111112	76.5801388888889	9.469479166666666	182.85524305555555	0.5229166666666667	0.06666666666666667			-5.25	0.0013062535076486003	414.0	480.0	0.14	0.04	7.5	3.229160785675049
2018-10-01	-0.27	-0.00309213	2.6663625000000004	1011.9713541666666	82.62010416666666	8.768020833333333	163.34645833333335	0.5979166666666667	0.04583333333333334			-5.25	0.008783719895757875	350.0	433.0	0.05	0.07	8.7	2.5989582538604736
2018-10-08	-0.27	0.02674953	1.0752750000000002	1022.9688541666668	83.26670138888889	7.760138888888889	144.46625	0.5645833333333333	0.0			-5.25	0.01931579435600895	283.0	355.0	0.04	0.09	9.4	2.2375504970550537
2018-10-15	-0.27	0.0013808807	1.9963875	1015.7139236111111	58.68739583333333	14.379131944444444	126.47673611111111	0.39166666666666666	0.0			-5.25	0.0002233470373699527	256.0	314.0	0.05	0.08	9.6	3.3536489009857178
2018-10-22	-0.27	-0.0026322205	2.049460227272727	1026.659898989899	85.23957386363637	8.044043560606061	109.71434027777777	0.53125	0.04583333333333334			-5.25	0.027745420307162885	232.0	262.0	0.08	0.08	9.5	2.2689123153686523
2018-10-29	-0.27	-0.000344793	6.0346875	1007.8743402777777	90.30944444444445	4.458090277777778	94.41368055555556	1.0	0.0			-5.25	0.0005512046943226921	184.0	218.0	0.12	0.09	9.8	1.2804032564163208
2018-11-05	-0.27	0.00093209743	3.332925	1013.3840972222223	86.1978125	11.60267361111111	80.80447916666667	0.7604166666666666	0.0			-5.25	0.0001272903348072085	159.0	198.0	0.13	0.13	9.6	1.4797232151031494
2018-11-12	-0.27	0.0042493343	2.5311	1017.21625	84.39357638888889	10.762118055555556	69.08836805555556	0.7291666666666666	0.0			-5.25	0.0012173788311001766	135.0	171.0	0.1	0.09	9.0	2.5784122943878174
2018-11-19	-0.27	-0.0014944474	4.8521625	1022.0379166666667	87.1565625	3.9690624999999997	59.2815625	0.8729166666666667	0.0			-5.25	0.0001557092597484208	112.0	154.0	0.16	0.17	10.6	1.2500133514404297
2018-11-26	-0.27	-0.0051947236	3.1456125000000004	1013.0129166666667	88.7682638888889	2.2383680555555556	51.50284722222222	0.9458333333333333	0.0			-5.25	0.0002191085206696803	97.0	127.0	0.16	0.16	10.2	1.0319613218307495
2018-12-03	-0.27	-0.00085191923	3.3705374999999997	998.3861111111111	97.33402777777779	9.089131944444444	45.624097222222225	0.7791666666666667	0.0625			-5.25	0.00012189235626802455	86.0	113.0	0.19	0.23	10.0	1.1606919765472412
2018-12-10	-0.27	-0.00024281938	7.821862500000001	1006.9837152777777	78.77326388888889	4.928576388888889	41.678958333333334	0.8875000000000001	0.0			-5.25	3.1134441232752474e-05	75.0	112.0	0.13	0.28	8.9	1.2158199548721313
2018-12-17	-0.27	-0.0014154414	1.5516375	1020.473611111111	92.07368055555555	0.3884027777777778	39.55600694444444	0.975	0.0			-5.25	0.0004825922044645922	72.0	83.0	0.12	0.29	8.4	
2019-01-07	-0.27	0.0008233587	2.7627375	1024.176736111111	98.92027777777777	2.4758680555555554	43.88024305555556	0.9583333333333334	0.09583333333333333			-5.25	0.011500199353307969	51.0	65.0	0.1	0.35	8.6	1.6082514524459839
2019-01-14	-0.27	-0.0010084411	7.179637500000001	998.5101388888888	68.48520833333333	2.488541666666667	49.037326388888886	0.5854166666666667	0.004166666666666667			-5.25	0.0	48.0	69.0	0.08	0.39	7.2	1.5247515439987183
2019-01-21	-0.27	-0.003951495	3.0682500000000004	1019.9479861111112	91.84319444444445	-3.2242013888888885	56.20368055555556	0.8708333333333332	0.0			-5.25	0.014292901791085888	44.0	60.0	0.08	0.48	7.1	2.0050699710845947
2019-01-28	-0.27	-0.0006794371	2.9301375000000003	991.52	91.78413194444444	2.760069444444444	65.3873611111111	0.7729166666666667	0.09999999999999999			-5.25	0.0007636319103149123	42.0	57.0	0.06	0.49	8.8	2.4495625495910645
2019-02-04	-0.27	-6.055087e-05	3.3025534090909097	1026.2887657828282	87.9756755050505	0.9518118686868687	76.64430555555556	0.6083333333333333	0.0			-5.25	0.0	38.0	51.0	0.05	0.54	7.76	2.865541696548462
2019-02-11	-0.27	-0.000108877815	6.674925000000001	1004.9027777777778	74.73402777777778	4.609201388888889	89.91065972222223	0.6458333333333334	0.11666666666666668			-5.25	4.134895033251894e-05	33.0	47.0	0.08	0.5	7.56	3.4595255851745605
2019-02-18	-0.27	-0.010253072	1.0252125	1018.2925347222222	75.13569444444444	5.219444444444444	105.04531250000001	0.27499999999999997	0.0			-5.25	0.012596763026647917	29.0	48.0	0.04	0.52	7.47	7.042023658752441
2019-02-25	-0.27	-0.0047628186	1.6990875	1034.8522569444444	68.37052083333333	5.918368055555555	121.8132638888889	0.48541666666666666	0.0			-5.25	0.029338122182942388	6.0	40.0	0.02	0.54	7.05	23.58665657043457
2019-03-04	-0.27	0.0003152291	8.433037500000001	992.5347569444444	73.375	9.183055555555555	139.98541666666668	0.7958333333333334	0.10416666666666667			-5.25	7.309721503626854e-05	3.0	51.0	0.01	0.32	6.13	52.387855529785156
2019-03-11	-0.27	-0.0020270546	6.073800000000001	1008.6819097222223	87.14989583333333	3.2299652777777776	159.2284375	0.8708333333333332	0.08750000000000001			-5.25	6.418690044631414e-05	5.199999809265137	44.0	0.03	0.27	5.75	14.906259536743164
2019-03-18	-0.27	-0.00061480206	7.963725	1009.3661805555556	75.92569444444445	5.2472916666666665	179.19885416666668	0.5291666666666667	0.025000000000000005			-5.25	0.0	11.0	29.0	0.05	0.57	5.55	8.281830787658691
2019-03-25	-0.27	-0.0023204684	3.8187750000000005	1013.6599305555555	79.32604166666667	4.5538541666666665	199.5209027777778	0.6875	0.2041666666666667			-5.25	0.03982217206749018	7.0	23.0	0.01	0.29	5.63	8.854783058166504
2019-04-01	-0.27	-0.0014256239	3.6709875000000003	1024.4897916666666	57.18961805555556	5.009618055555555	219.87440972222223	0.09166666666666667	0.0			-5.25	0.0038119312605109485	5.0	33.0		0.25	5.317	7.227360248565674
2019-04-08	-0.27	0.0904723	2.2086	1007.9774652777778	57.43305555555556	11.55451388888889	239.8767013888889	0.06666666666666667	0.0			-5.25	0.03303267075102409	4.0	32.0	0.02	0.14	4.768	5.878021240234375
2019-04-15	-0.27	-0.0023812056	2.8807125	1025.2956944444445	52.53774305555555	7.573680555555556	259.2601736111111	0.02916666666666667	0.0			-5.25	0.001135319783271291	8.0	177.0	0.02	0.13	5.69	3.448864698410034
2019-04-23	-0.27	0.0011205276	8.6467875	1008.2774652777779	53.07131944444445	14.069027777777778	280.1639930555556	0.46249999999999997	0.0			-5.25	0.0	5.0	33.0	0.01	0.04	5.69	5.631731986999512
2019-04-29	-0.27	-0.0013218323	3.5856	1015.3759375	77.74621527777778	10.75670138888889	294.7740972222222	0.7020833333333334	0.0625			-5.25	0.00038682854058683086	13.0	36.0	0.08	0.03	5.14	1.2006205320358276
2019-05-06	-0.27	-0.0011945566	4.3012125	1014.9082986111111	59.796215277777776	8.323784722222221	310.4431597222222	0.6124999999999999	0.0			-5.25	0.0037685471699693547	25.0	48.0	0.11	0.05	5.15	1.406211256980896
2019-05-13	-0.27	-0.0022537708	2.5632	1031.9981597222222	51.917881944444446	10.051041666666666	324.35263888888886	0.4083333333333334	0.0			-5.25	0.002856110265991296	16.0	42.0	0.05	0.02	5.1	3.1207380294799805
2019-05-20	-3.8468	0.62130255	2.6485943181818183	1000.3953409090909	82.00469065656566	17.73939393939394	336.3287152777778	0.75625	0.49583333333333335			-3.1789005239979002	0.23221528129974475	12.0	41.0	0.04		4.5	9.795574188232422
2019-05-27	-0.27	0.013591449	3.4213875000000002	1005.0478819444444	70.94944444444444	17.66722222222222	346.1854166666667	0.9083333333333333	0.041666666666666664			-5.25	0.0009045001534929674	13.0	42.0	0.03		4.0	6.882675647735596
2019-06-03	-2.9293	0.7743477	3.4773	1011.1314236111111	49.96309027777778	25.041979166666668	353.7251388888889	0.34375	0.0			-1.244820289751009	0.184787836484832	5.0	35.0	0.01			6.647882461547852
2019-06-11	-1.6868	0.5047889	2.6052000000000004	1006.4065277777778	75.43618055555555	23.47753472222222	359.4240972222222	0.6791666666666667	0.6208333333333332			-2.3225035097946587	0.25912007187150343	8.0	53.0	0.27	0.02		10.513551712036133
2019-06-17	-0.545	0.10374284	1.4466750000000002	1017.9833333333332	60.079652777777774	21.640833333333333	361.5271875	0.40625	0.0			-5.25	0.06289781173862485	20.0	48.0	0.11	0.02		4.635346412658691
2019-06-24	-0.27	0.0004909833	2.8617000000000004	1020.3150347222222	46.88520833333334	22.989097222222224	361.64201388888887	0.4291666666666667	0.0			-5.25	0.11526485341379276	12.0	49.0	0.02	0.01		8.746537208557129
2019-07-01	-0.27	-0.0033186276	4.09875	1010.1811111111111	46.08090277777777	22.93357638888889	359.2235069444444	0.5520833333333334	0.0			-5.25	0.060460476844015926	15.0	102.0	0.02			7.473095417022705
2019-07-08	-0.27	-0.0029973984	4.8105	1011.2696875	65.79708333333333	14.476041666666667	354.3312152777778	0.7937500000000001	0.012500000000000002			-5.25	0.0015038000137123856	37.0	76.0	0.02	0.01	2.9	32.312744140625
2019-07-15	-0.27	0.05781738	3.5590500000000005	1013.0340972222222	71.13190972222222	15.912708333333335	347.0938541666667	0.8875000000000001	0.0			-4.226195881579816	0.5991513598543554	21.0	66.0	0.01	0.01	2.2	17.10145378112793
2019-07-22	-4.6999	0.4491427	1.9619625	1018.9701041666667	69.67131944444445	20.390104166666667	337.62888888888887	0.8375	0.0			-4.679198504912014	2.6047537857815297	22.0	60.0	0.02	0.01		14.739384651184082
2019-07-29	-1.366	0.27215195	1.6566375000000002	1003.4763194444445	69.49822916666666	25.133368055555554	326.12246527777774	0.7541666666666668	0.0			-5.25	0.23316394351787753	13.0	49.0	0.02			8.125374794006348
2019-08-05	-0.27	0.014787595	1.9765125000000001	1008.5980555555556	71.76263888888889	20.141979166666665	312.74868055555555	0.6770833333333334	0.0			-5.25	0.019543234207657155	19.0	62.0				8.000144004821777
2019-08-12	-0.27	-0.0026673477	3.2771250000000003	1010.2327430555556	55.91947916666667	20.915347222222223	297.75364583333334	0.8645833333333334	0.0			-5.25	0.00454405425729056	54.0	101.0	0.13	0.02	3.4	4.089904308319092
2019-08-19	-0.27	0.012856166	3.0231375000000003	1011.5666319444445	72.1204513888889	18.991354166666667	281.30576388888886	0.5604166666666667	0.0			-5.25	0.00017131765572817758	88.0	131.0	0.13	0.1	3.9	8.421415328979492
2019-08-26	-0.8533	0.22501898	1.6006875	1019.640763888889	60.50791666666667	24.08215277777778	263.65288194444446	0.5979166666666667	0.11666666666666665			-5.25	0.09814939119818347	41.0	111.0	0.13	0.03		2.6951398849487305
2019-09-02	-0.27	-0.005230268	4.375	1020.3625000000001	53.166666666666664	17.345833333333335	225.5787037037037	0.4354166666666666	0.0			-5.25	0.048117403237671975	40.0	120.0	0.05	0.04		6.027066230773926
2019-09-09	-0.27	-0.0019830067	4.379166666666666	1011.275	91.95833333333333	13.6	23.61111111111111	0.975	1.0166666666666666			-5.25	0.023162277738511594	84.0	137.0	0.16	0.13	5.36	5.327661991119385
2019-09-16	-0.27	-0.0021808546	4.45	1018.3041666666667	79.375	13.708333333333334	56.25	0.90625	0.008333333333333333			-5.25	0.0005252460873209124	93.0	135.0	0.16	0.22	5.38	
2019-09-23	-0.27	0.0019030174	3.220833333333333	1013.6583333333333	61.666666666666664	16.333333333333332	174.1898148148148	0.6041666666666666	0.0			-5.25	0.0018727343027529432	94.0	133.0	0.17	0.3	5.61	12.529498100280762
2019-10-01	-0.27	-0.0012253523	5.608333333333333	1001.8666666666667	86.5	14.116666666666667	45.833333333333336	0.9	0.22916666666666666			-5.25	0.00020745083622335795	103.0	139.0	0.11	0.3	6.07	14.211858749389648
2019-10-07	-0.27	0.001994133	1.7958333333333334	1020.025	73.58333333333333	5.958333333333333	128.70370370370372	0.38958333333333334	0.0			-5.25	0.00182135578065751	87.0	134.0	0.03	0.28	5.46	
2019-10-14	-0.27	0.07455754	3.4166666666666665	1013.8249999999999	74.08333333333333	18.383333333333333	120.60185185185185	0.28750000000000003	0.0			-5.25	0.004636148567903054	77.0	113.0	0.03	0.22	4.29	13.092952728271484
2019-10-21	-0.27	0.021208206	1.7458333333333333	1017.3333333333334	90.125	13.845833333333333	60.18518518518519	0.7312500000000001	0.0			-5.25	0.10043142027566064	64.0	93.0	0.05	0.15	4.16	20.59168243408203
2019-10-28	-0.27	-0.0034617186	4.283333333333333	1020.15	84.91666666666667	7.2250000000000005	80.90277777777779	0.35000000000000003	0.041666666666666664			-5.25	0.001028768446218274	64.0	94.0	0.09	0.12	5.44	11.769373893737793
2019-11-04	-0.27	-0.00034276643	3.2583333333333333	990.4416666666666	93.0	10.083333333333334	39.699074074074076	0.8895833333333334	0.19583333333333333			-5.25	0.0011696331838113752	68.0	108.0	0.07	0.16	5.55	3.979492664337158
2019-11-11	-0.27	-0.0028203528	3.3375	1011.9583333333334	88.95833333333333	2.620833333333333	41.31944444444445	0.6208333333333333	0.0			-5.25	0.0026204922586544168	69.0	97.0	0.11	0.23	5.24	2.7970938682556152
2019-11-18	-0.27	0.0016780893	4.416666666666667	1006.9166666666666	87.625	8.2125	10.185185185185185	0.7395833333333334	0.041666666666666664			-5.25	0.0	65.0	90.0	0.11	0.26	5.32	2.9869210720062256
2019-11-25	-0.27	-0.0007445216	3.766666666666667	1012.5291666666667	94.45833333333333	4.208333333333333	7.75462962962963	1.0	0.0			-5.25	0.00011605671386159531	61.0	81.0	0.12	0.33	5.5	2.949418067932129
2019-12-02	-0.27	-0.0025593042	4.958333333333333	1020.1125000000001	90.45833333333333	3.15	12.731481481481481	0.8645833333333334	0.012500000000000002			-5.25	0.0	59.0	73.0	0.13	0.36	5.14	3.528503656387329
2019-12-09	-0.27	-0.00023751457	6.416666666666667	1000.3291666666668	78.41666666666667	7.095833333333334	37.61574074074074	0.6333333333333333	0.08333333333333333			-5.25	3.776505974082088e-05	56.0	115.0	0.11	0.39	5.45	3.537280797958374
2019-12-16	-0.27	-0.0006971558	3.2541666666666664	1009.3666666666667	86.83333333333333	5.829166666666667	11.805555555555557	0.7854166666666668	0.0			-5.25	0.0	50.0	68.0	0.1	0.4	5.28	4.034256935119629
2020-01-06	-0.27	-0.0013102541	4.25	1027.1499999999999	82.20833333333333	4.433333333333334	39.120370370370374	0.8604166666666666	0.0			-5.25	0.00011535645993598357	46.0	59.0	0.09	0.49	5.95	4.036515712738037
2020-01-13	-0.27	-0.0004391571	4.75	1019.6999999999999	87.125	4.683333333333334	33.449074074074076	0.6083333333333333	0.0			-5.25	5.0293048807512e-05	43.0	53.0	0.11	0.51	5.49	7.643868446350098
2020-01-20	-0.27	-0.0017556051	3.1916666666666664	1045.3583333333333	90.29166666666667	1.4875	43.75	0.5750000000000001	0.0			-5.25	0.0	38.0	53.0	0.09	0.57	5.89	5.5640177726745605
2020-01-27	-0.27	0.0013375332	4.45	1010.225	84.58333333333333	5.1625	45.486111111111114	0.8666666666666667	0.0			-5.25	0.00019710965629064642	37.0	50.0	0.04	0.49	5.91	6.994266510009766
2020-02-03	-0.27	0.0003789266	4.966666666666667	1006.7458333333334	91.41666666666667	7.3	33.333333333333336	0.9458333333333333	0.10416666666666667			-5.25	0.00013782154950063398	37.0	44.0	0.03	0.49	6.54	8.529487609863281
2020-02-10	-0.27	-0.00047977766	10.354166666666666	990.4250000000001	76.75	7.3500000000000005	27.777777777777782	0.8416666666666667	0.3875			-5.25	1.6334905739521626e-05	38.0	48.0	0.03	0.52	5.64	6.234122276306152
2020-02-17	-0.27	0.0001056393	8.158333333333333	1011.8333333333334	63.833333333333336	9.5375	51.27314814814815	0.7458333333333332	0.0			-5.25	2.2514337936375858e-05	38.0	47.0	0.03	0.51	6.67	6.9421820640563965
2020-02-24	-0.27	0.00077193975	7.079166666666667	1013.3541666666666	80.125	5.266666666666667	46.99074074074074	0.9	0.24166666666666667			-5.25	0.0	39.0	58.0	0.02	0.48	5.9	5.459433078765869
2020-03-02	-0.27	0.0005983909	3.9333333333333336	994.0958333333333	83.54166666666667	5.575	88.54166666666667	0.8624999999999999	0.1125			-5.25	8.136508717772002e-05	29.0	43.0	0.01	0.48	5.55	5.7119269371032715
2020-03-09	-0.27	-0.00018397968	3.3333333333333335	1011.3000000000001	86.25	6.645833333333333	49.18981481481482	0.775	0.05833333333333333			-5.25	0.00013642008964655523	24.0	42.0	0.05	0.47	5.37	5.581727504730225
2020-03-16	-0.27	0.015402635	2.954166666666667	1019.6750000000001	56.666666666666664	8.408333333333333	165.74074074074073	0.5791666666666667	0.0			-5.25	0.00018825606210399679	22.0	39.0	0.05	0.45	5.47	
2020-03-23	-0.27	-0.003904144	3.3874999999999997	1039.825	47.375	0.6666666666666666	209.0277777777778	0.03333333333333333	0.0			-5.25	0.00028342481844524875	18.0	32.0	0.04	0.32	5.36	7.114974498748779
2020-03-30	-0.27	-0.0017733574	4.245833333333333	1027.1791666666666	70.20833333333333	0.4583333333333333	93.28703703703705	0.6354166666666666	0.004166666666666667			-5.25	5.529486914771771e-05	21.0	33.0	0.07	0.3	5.81	7.066825866699219
2020-04-06	-0.27	0.0018242399	4.845833333333333	1024.3500000000001	41.375	13.170833333333334	246.18055555555557	0.0	0.0			-5.25	6.643432529257332e-05	17.0	59.0	0.05	0.26	5.87	4.047815322875977
2020-04-14	-0.27	-0.0008555849	5.570833333333333	1021.2958333333332	51.041666666666664	6.079166666666667	265.39351851851853	0.34791666666666665	0.0			-5.25	0.00023368157993585348	6.0	24.0	0.06	0.08	4.42	8.708637237548828
2020-04-21	-0.27	0.00047008196	5.9750000000000005	1026.1541666666667	47.208333333333336	10.979166666666666	283.7962962962963	0.0	0.0			-5.25	5.720064341700688e-05	11.0	28.0	0.03	0.1	4.11	4.586475849151611
2020-04-27	-3.5747	0.3315057	2.725	1007.9875000000001	49.5	13.970833333333333	263.31018518518516	0.18125000000000002	0.0			-1.4007304781251744	0.06777296855182723		23.0	0.02	0.01	3.6	7.445481777191162
2020-05-04	-0.27	-0.0015770594	2.2375	1017.0583333333334	80.20833333333333	8.825000000000001	65.27777777777779	0.7229166666666668	0.0			-5.25	0.001165651114083864	7.0	30.0	0.03	0.02	3.53	7.070700645446777
2020-05-11	-0.27	-0.0033390522	5.8374999999999995	1007.2708333333334	81.08333333333333	7.541666666666667	40.0462962962963	0.7708333333333334	0.3833333333333333			-5.25	0.16732001186675394	9.0	39.0	0.01	0.02		13.6622314453125
2020-05-18	-0.27	0.0009336869	4.204166666666667	1020.5041666666666	55.0	15.704166666666666	243.1712962962963	0.68125	0.0			-5.25	0.000341707566781701	11.0	42.0	0.04	0.02	1.71	11.396041870117188
2020-05-25	-0.27	0.0017062823	5.116666666666666	1027.7791666666667	80.08333333333333	12.254166666666668	116.08796296296298	0.8229166666666666	0.0625			-5.25	0.000138060893451853	10.0	44.0	0.01		0.72	8.547599792480469
2020-06-02	-4.4955	0.21244617	3.8000000000000003	1016.3416666666667	46.25	19.883333333333333	348.2638888888889	0.24791666666666667	0.0			-5.25	0.0120444497560381	13.0	37.0	0.02	0.01	0.21	10.531085968017578
2020-06-08	-2.2382	0.19805264	2.595833333333333	1013.2624999999999	51.5	17.370833333333334	284.375	0.5541666666666667	0.0			-5.25	0.04468342675269867	19.0	43.0	0.05	0.01	0.26	6.93168306350708
2020-06-15	-5.455	0.16335225	3.4416666666666664	1014.275	58.208333333333336	19.575	339.2390655205235	0.30416666666666664	0.0			-5.166949685011569	0.39832969320035844	23.0	43.0	0.11	0.02	0.87	3.470952272415161
2020-06-22	-0.27	0.029473225	4.295833333333333	1021.0083333333333	54.166666666666664	20.383333333333333	337.15277777777777	0.22083333333333333	0.0			-5.25	0.01585509547293707	31.0		0.18	0.03	1.55	2.836001396179199
2020-06-29	-0.27	0.11404451	2.5416666666666665	1011.25	64.375	18.941666666666666	205.78703703703704	0.6083333333333333	0.29583333333333334			-3.864032828520305	0.6005978759803876	8.0	41.0	0.09	0.02		5.657974720001221
2020-07-06	-0.27	-0.0031278927	6.8875	1011.0333333333333	63.708333333333336	17.858333333333334	246.99074074074076	0.48125	0.0			-5.25	0.00022915440415352523	30.0	61.0	0.11	0.1	2.28	12.661258697509766
2020-07-13	-0.545	0.170947	1.9375	1023.1791666666667	56.375	18.004166666666666	306.5391821875579	0.42083333333333334	0.0			-5.25	0.01379922448641327	13.0	63.0	0.06	0.04	1.49	16.340511322021484
2020-07-20	-4.7783	0.26810408	3.8249999999999997	1015.7875	69.25	20.154166666666665	230.55555555555557	0.6	0.016666666666666666			-1.7006278247930948	0.15614205872619422	4.0	31.0	0.03	0.12		12.484346389770508
2020-07-27	-0.27	0.1320072	2.3916666666666666	1015.6791666666667	71.29166666666667	20.445833333333333	210.87962962962965	0.6124999999999999	0.016666666666666666			-5.25	0.09800150804381544	9.0	37.0	0.03	0.01		6.732278347015381
2020-08-03	-0.27	0.00096901256	3.1833333333333336	1011.4541666666668	73.16666666666667	18.39166666666667	177.43055555555557	0.7458333333333332	0.0			-5.25	0.13549655942740055	20.0	46.0	0.04	0.01	1.28	8.091346740722656
2020-08-10	-2.7679	0.7438462	3.2541666666666664	1017.7708333333334	59.375	25.150000000000002	206.71296296296296	0.6770833333333334	0.0			-2.1395415763035355	0.2467957290212122	11.0	48.0	0.02	0.01		7.130833148956299
2020-08-17	-0.545	0.07247511	2.6666666666666665	1009.6416666666668	47.0	24.454166666666666	243.1712962962963	0.2916666666666667	0.0			-5.25	0.008211379942515723	18.0	54.0	0.04			5.7252068519592285
2020-08-24	-0.27	-0.002742052	4.741666666666666	1013.8916666666668	64.58333333333333	18.775000000000002	159.0277777777778	0.75	0.0			-5.25	0.0018998008892635733	49.0	93.0	0.11	0.06	1.98	8.2579345703125
2020-08-31	-0.27	-0.0022831757	3.2875	1014.6791666666667	80.58333333333333	16.9375	167.36111111111111	0.71875	0.375			-5.25	0.04126760815486136	19.0	97.0	0.02	0.04		30.59895133972168
2020-09-07	-0.27	-0.002869765	3.1916666666666664	1022.8958333333334	69.5	14.854166666666666	184.95370370370372	0.5479166666666667	0.0			-5.25	0.002039122847611252	22.0	70.0	0.07	0.04		9.128016471862793
2020-09-14	-0.545	0.16605122	1.8791666666666667	1026.6916666666666	66.04166666666667	20.416666666666668	195.83333333333334	0.4791666666666667	0.0			-5.25	0.03968930259048444	19.0	60.0	0.03	0.01		10.313669204711914
2020-09-21	-0.27	0.055003405	2.5500000000000003	1017.5166666666668	61.666666666666664	16.162499999999998	184.25925925925927	0.012500000000000002	0.0			-5.25	0.0031432665334938997	21.0	60.0	0.02	0.01	0.16	11.329534530639648
2020-09-28	-0.27	4.4544537e-05	2.716666666666667	1011.8000000000001	70.625	13.4625	167.24537037037038	0.6229166666666667	0.0			-5.25	0.0023132084912105212	39.0	66.0	0.1		0.64	4.308578968048096
2020-10-05	-0.27	-0.0020966928	3.5	1003.9739130434783	83.78260869565217	11.38695652173913	41.54589371980676	0.7565217391304347	0.021739130434782608			-5.25	0.002143999770485136	34.0	68.0	0.02	0.07	0.91	17.03179359436035
2020-10-12	-0.27	-0.0019014279	2.6625	1017.2291666666666	83.04166666666667	8.154166666666667	52.893518518518526	0.6124999999999999	0.0			-5.25	0.0024339018819651294	34.0	63.0	0.05	0.1	1.19	8.99209213256836
2020-10-19	-0.27	-0.0028514862	2.9333333333333336	1022.0124999999999	88.0	8.1875	58.7962962962963	0.6958333333333333	0.0			-5.25	0.00048776950826936896	41.0	64.0	0.08	0.19	1.71	5.577556610107422
2020-10-26	-0.27	-0.00022904079	2.7708333333333335	1004.0625	89.41666666666667	11.104166666666666	27.083333333333332	0.9520833333333334	0.012500000000000002			-5.25	0.0	41.0	61.0	0.09	0.19	1.97	4.268373489379883
2020-11-02	-0.27	0.0010850827	5.595833333333334	1010.4833333333332	85.08333333333333	16.733333333333334	51.96759259259259	0.8645833333333334	0.39999999999999997			-5.25	0.00048045045678514963	37.0	55.0	0.13	0.23	2.4	4.319546222686768
2020-11-09	-0.27	-0.0017031828	4.104166666666667	1028.1416666666667	95.08333333333333	5.829166666666667	12.152777777777779	1.0	0.0			-5.25	0.0004000099538843973	42.0	61.0	0.1	0.21	2.68	4.969985008239746
2020-11-16	-0.27	8.1439815e-05	4.445833333333334	1013.275	83.08333333333333	9.65	36.458333333333336	0.78125	0.020833333333333332			-5.25	9.373895371928198e-05	47.0	60.0	0.08		2.92	4.337897300720215
2020-11-23	-0.27	-0.0024103324	5.158333333333333	1025.3125	85.95833333333333	5.304166666666666	44.09722222222222	0.38125000000000003	0.0			-5.25	0.00014635895192412253	49.0	55.0	0.12	0.44	3.4	4.416457176208496
2020-11-30	-0.27	-0.0015928348	3.170833333333333	1023.4541666666668	87.70833333333333	0.7583333333333333	11.805555555555555	0.8375	0.0			-5.25	0.0	40.0	60.0	0.1	0.79	3.64	4.774860382080078
2020-12-07	-0.27	-0.003044337	4.458333333333333	1002.225	82.08333333333333	5.791666666666667	12.38425925925926	0.8270833333333334	0.004166666666666667			-5.25	0.00011925529620810763	43.0	57.0	0.15	0.42	3.88	4.517953395843506
2020-12-14	-0.27	0.0005713354	3.4583333333333335	1014.1208333333334	92.91666666666667	4.833333333333333	25.810185185185187	0.9125	0.004166666666666667			-5.25	0.0003837453026657771	44.0	52.0	0.12	0.38	4.14	4.446404457092285
2020-12-21	-0.27	0.0010372549	3.8833333333333333	1021.2875	90.33333333333333	4.2250000000000005	38.42592592592593	0.7416666666666667	0.024999999999999998			-5.25	0.00017835620418442028	45.0	53.0	0.14	0.99	6.58	4.490499973297119
